admission_id,patient_id,admit_date,age,chronic_conditions,length_of_stay,n_medications,prior_admissions_12m,discharge_to,creatinine,followup_call_outcome,readmitted_30d
A02401,P0827,2025-01-01,51,1,1.0,2,2,home,,no_answer,0
A01893,P0657,2025-01-01,26,3,12.0,10,2,home_care,1.39,fine,0
A00943,P0322,2025-01-01,41,4,1.8,9,1,home,1.44,fine,0
A01115,P0380,2025-01-02,91,2,10.8,14,1,home,1.02,no_answer,0
A00723,P0243,2025-01-02,66,1,1.2,4,1,home,1.19,fine,0
A01917,P0663,2025-01-02,52,3,8.6,7,1,home,1.69,no_answer,0
A01545,P0536,2025-01-02,82,2,3.2,9,0,home,,fine,0
A02127,P0734,2025-01-02,90,1,7.8,6,1,home_care,,fine,0
A00452,P0151,2025-01-02,83,1,1.1,8,2,home,,fine,0
A00202,P0069,2025-01-03,71,2,1.9,5,1,home_care,1.22,fine,0
A01655,P0571,2025-01-03,32,3,1.7,11,2,home,1.22,fine,0
A01032,P0354,2025-01-03,71,2,9.7,11,2,home,1.03,no_answer,1
A01086,P0371,2025-01-03,21,3,13.7,9,2,home_care,1.27,fine,0
A00185,P0060,2025-01-03,38,1,1.0,4,0,home,0.91,fine,0
A00528,P0175,2025-01-03,46,0,2.6,5,1,home,0.71,fine,0
A01961,P0681,2025-01-03,42,3,6.1,10,2,home_care,1.39,no_answer,0
A02504,P0861,2025-01-03,74,5,4.5,9,4,home,2.12,no_answer,0
A02363,P0814,2025-01-04,51,1,3.6,3,1,home,,readmitted,0
A00896,P0304,2025-01-04,70,3,5.3,11,4,home,1.07,fine,0
A00058,P0018,2025-01-04,27,3,6.6,8,0,home_care,1.61,fine,0
A02543,P0874,2025-01-04,27,5,2.1,4,0,home_care,1.11,no_answer,0
A01377,P0474,2025-01-04,68,2,5.4,9,1,nursing_facility,,fine,0
A02447,P0843,2025-01-04,77,2,2.8,7,0,home,,fine,0
A00726,P0244,2025-01-04,55,1,7.1,11,3,home_care,1.55,no_answer,0
A00905,P0308,2025-01-04,28,4,3.3,4,5,home,,no_answer,0
A02003,P0695,2025-01-04,88,2,14.5,6,1,nursing_facility,1.05,fine,0
A00684,P0231,2025-01-04,75,1,3.5,7,1,home,0.47,fine,0
A01502,P0520,2025-01-05,30,1,3.2,6,3,home,1.22,fine,0
A00289,P0097,2025-01-05,57,1,4.8,5,1,home_care,1.16,fine,0
A02268,P0779,2025-01-05,76,0,3.3,5,0,home,1.12,fine,0
A02177,P0750,2025-01-05,70,4,2.4,7,1,home_care,1.79,no_answer,1
A01277,P0436,2025-01-06,41,1,1.0,5,3,nursing_facility,1.42,fine,0
A01404,P0486,2025-01-06,94,1,2.3,7,0,home,,fine,0
A00232,P0078,2025-01-06,69,3,3.0,12,4,home,,fine,0
A02237,P0769,2025-01-06,36,2,1.1,5,3,home,1.03,fine,0
A00369,P0125,2025-01-06,70,2,1.0,6,2,home,1.28,readmitted,1
A00010,P0006,2025-01-06,82,3,3.5,7,0,home,1.44,fine,0
A02481,P0854,2025-01-06,54,3,4.9,7,2,nursing_facility,1.26,fine,0
A01647,P0569,2025-01-07,76,0,2.0,1,0,home,,no_answer,0
A01568,P0545,2025-01-07,51,4,4.7,8,2,nursing_facility,,fine,0
A00782,P0263,2025-01-07,62,3,2.2,12,0,home,,fine,0
A01866,P0646,2025-01-07,88,3,1.5,11,4,home,,no_answer,0
A01019,P0351,2025-01-07,49,4,14.2,13,1,home,1.54,fine,0
A01563,P0543,2025-01-07,32,1,8.4,6,0,home_care,0.59,fine,0
A02497,P0859,2025-01-07,58,0,3.6,7,1,home,0.63,fine,0
A02070,P0717,2025-01-07,32,6,6.9,8,5,home_care,2.27,readmitted,1
A00264,P0089,2025-01-07,67,1,7.6,8,1,home,,fine,0
A00797,P0269,2025-01-07,91,3,9.3,11,0,nursing_facility,1.37,fine,1
A00060,P0019,2025-01-07,54,3,4.7,6,2,home,,fine,0
A00367,P0124,2025-01-08,60,3,7.0,10,4,nursing_facility,1.9,fine,0
A01072,P0368,2025-01-08,80,1,1.4,5,4,home,1.32,fine,1
A01594,P0552,2025-01-08,52,2,3.1,6,4,home_care,0.94,no_answer,0
A00953,P0326,2025-01-08,63,4,2.8,10,1,home,1.56,readmitted,1
A01457,P0504,2025-01-08,40,2,5.3,6,0,home_care,,fine,0
A01810,P0626,2025-01-09,19,1,4.6,6,1,home,0.98,no_answer,0
A02192,P0755,2025-01-09,56,0,8.0,8,1,home,,fine,0
A02114,P0730,2025-01-09,55,1,14.0,5,1,home_care,0.81,no_answer,0
A01206,P0411,2025-01-09,21,2,1.9,6,2,home,0.78,fine,0
A01212,P0413,2025-01-09,79,1,2.6,6,1,nursing_facility,1.26,fine,0
A01635,P0567,2025-01-09,57,0,3.3,9,0,nursing_facility,0.58,fine,0
A00487,P0160,2025-01-09,61,0,1.1,4,1,home,1.2,no_answer,0
A01016,P0349,2025-01-09,22,0,3.5,4,0,home_care,1.59,no_answer,0
A01898,P0658,2025-01-09,31,2,4.1,9,1,home,,fine,0
A01433,P0495,2025-01-10,69,2,1.0,6,1,nursing_facility,1.72,fine,0
A01196,P0408,2025-01-10,76,1,5.1,9,2,home_care,1.38,fine,0
A02485,P0855,2025-01-10,49,1,2.3,15,0,home,1.41,no_answer,0
A00443,P0149,2025-01-10,28,0,3.6,4,0,home,1.36,fine,0
A02241,P0771,2025-01-10,53,1,3.9,6,1,home_care,1.11,fine,0
A02462,P0849,2025-01-10,19,2,8.4,7,1,home,,fine,0
A02135,P0736,2025-01-10,32,1,4.6,9,0,home,1.08,fine,0
A00800,P0270,2025-01-10,34,6,2.8,11,1,home,,fine,0
A00194,P0065,2025-01-10,18,3,11.0,7,4,home,,fine,0
A00653,P0219,2025-01-10,57,2,3.3,4,1,home,,no_answer,0
A00043,P0015,2025-01-11,81,1,4.8,2,0,home,0.71,fine,0
A02225,P0767,2025-01-12,23,0,7.6,2,3,home,,no_answer,0
A01754,P0609,2025-01-12,73,3,2.3,6,3,home,1.88,fine,0
A00598,P0200,2025-01-12,50,0,2.5,7,0,home_care,,fine,0
A01784,P0619,2025-01-12,83,0,2.6,7,0,home,,fine,0
A01179,P0403,2025-01-12,68,1,1.4,3,0,home_care,,readmitted,1
A00236,P0080,2025-01-13,59,0,8.6,6,0,home,,fine,0
A00102,P0033,2025-01-13,94,0,3.0,7,1,home,,no_answer,0
A00533,P0177,2025-01-13,49,2,2.7,9,2,home,,fine,0
A00894,P0304,2025-01-13,70,3,1.1,8,2,home,1.53,no_answer,0
A00169,P0054,2025-01-13,80,4,4.4,6,7,nursing_facility,1.69,fine,0
A00886,P0302,2025-01-13,78,3,3.5,12,2,home_care,1.82,fine,0
A02608,P0896,2025-01-13,26,3,2.8,5,2,home,1.61,no_answer,0
A00047,P0016,2025-01-13,28,4,1.0,10,3,home,1.43,fine,0
A01422,P0491,2025-01-13,47,4,1.0,6,3,home,,fine,0
A00001,P0000,2025-01-13,90,3,6.8,8,2,home,,fine,0
A00752,P0254,2025-01-13,88,0,7.1,6,1,nursing_facility,0.74,no_answer,0
A00030,P0011,2025-01-13,85,4,5.5,12,0,home,1.01,fine,0
A00272,P0091,2025-01-14,75,2,5.4,4,0,home,1.17,fine,0
A01686,P0584,2025-01-14,22,5,4.9,14,2,home_care,1.66,fine,0
A01657,P0573,2025-01-14,38,2,5.3,14,1,home,1.55,fine,0
A00669,P0225,2025-01-14,29,1,9.5,8,3,home,0.76,no_answer,0
A01495,P0518,2025-01-14,85,3,6.5,9,2,home,0.99,fine,0
A00191,P0064,2025-01-15,94,3,7.1,13,1,home,1.41,no_answer,0
A02040,P0708,2025-01-15,82,1,5.7,6,0,home,,fine,0
A01509,P0523,2025-01-15,76,0,1.0,6,0,home,0.68,no_answer,0
A02173,P0749,2025-01-15,35,1,6.9,7,1,home,,no_answer,0
A02560,P0880,2025-01-15,78,1,13.0,9,2,home,1.32,fine,0
A02272,P0780,2025-01-15,82,1,8.7,10,0,home,,fine,0
A01700,P0589,2025-01-16,73,1,9.8,8,0,home_care,,fine,0
A01177,P0402,2025-01-16,51,3,7.8,6,0,home,,fine,0
A02448,P0843,2025-01-16,77,2,3.8,6,0,nursing_facility,1.8,no_answer,0
A00434,P0146,2025-01-16,25,1,3.7,12,3,home,,fine,0
A01480,P0514,2025-01-16,44,2,5.5,7,1,home,0.78,no_answer,0
A01519,P0527,2025-01-16,28,1,5.1,10,2,home_care,,fine,0
A02018,P0702,2025-01-17,57,2,3.1,6,3,home_care,1.32,fine,0
A01609,P0557,2025-01-17,77,1,5.1,4,3,home,1.15,fine,0
A02362,P0813,2025-01-17,62,0,4.0,7,0,home_care,1.38,fine,0
A02111,P0729,2025-01-17,66,1,3.0,9,1,home_care,0.81,no_answer,0
A01405,P0486,2025-01-17,94,1,8.9,9,2,home,1.51,fine,0
A00324,P0110,2025-01-17,35,2,2.1,6,0,home,,no_answer,0
A02073,P0718,2025-01-17,30,2,6.4,7,3,home_care,0.96,fine,0
A01850,P0642,2025-01-17,27,3,2.1,4,0,home_care,1.54,fine,0
A01292,P0441,2025-01-17,85,1,5.3,6,2,nursing_facility,,fine,0
A01445,P0499,2025-01-17,47,3,11.1,11,2,nursing_facility,,fine,0
A02255,P0776,2025-01-18,78,1,1.0,5,1,nursing_facility,,fine,0
A00035,P0012,2025-01-18,88,2,4.5,5,1,home,,no_answer,0
A01735,P0602,2025-01-18,33,1,7.4,3,1,home,,fine,0
A00140,P0046,2025-01-18,26,6,2.6,13,6,home,2.66,readmitted,1
A00838,P0283,2025-01-18,62,1,2.7,8,0,home,0.98,fine,0
A01708,P0591,2025-01-18,94,3,1.0,5,1,home,,fine,0
A00376,P0128,2025-01-18,61,0,3.0,8,0,home,0.87,no_answer,0
A01542,P0535,2025-01-18,38,2,8.0,6,6,home,1.21,readmitted,1
A00657,P0220,2025-01-18,58,3,1.2,10,4,home,,fine,0
A01530,P0531,2025-01-18,24,3,4.1,8,1,home,,fine,0
A01892,P0656,2025-01-18,26,0,13.7,3,1,home_care,1.57,fine,0
A01266,P0433,2025-01-19,84,3,2.1,4,1,home,1.38,readmitted,1
A00135,P0044,2025-01-19,84,2,3.3,7,2,home,1.19,fine,0
A00141,P0046,2025-01-19,26,6,12.3,6,6,home,1.86,no_answer,1
A00192,P0064,2025-01-19,94,3,1.8,8,3,home_care,1.11,fine,0
A00495,P0164,2025-01-19,36,1,6.4,5,0,home,,fine,0
A00244,P0082,2025-01-19,92,2,3.3,10,0,home,1.35,fine,0
A00136,P0044,2025-01-19,84,2,4.5,5,3,home_care,1.2,readmitted,1
A01372,P0473,2025-01-20,68,0,12.7,4,0,home_care,,no_answer,0
A02231,P0768,2025-01-20,57,0,2.5,10,1,nursing_facility,0.94,fine,0
A00218,P0075,2025-01-21,18,1,6.1,6,0,home,,fine,0
A01648,P0570,2025-01-21,80,0,1.6,6,0,home_care,1.08,fine,0
A00485,P0160,2025-01-21,61,0,2.0,3,0,home_care,0.71,no_answer,0
A00308,P0105,2025-01-21,22,1,5.1,10,1,home,,fine,0
A00616,P0207,2025-01-21,58,2,3.9,7,1,home,,fine,0
A00541,P0181,2025-01-21,20,1,6.0,2,1,home,,fine,0
A02582,P0887,2025-01-21,85,3,6.2,9,3,home_care,0.89,fine,0
A00933,P0318,2025-01-22,31,1,3.0,6,1,home,1.02,fine,0
A02505,P0861,2025-01-22,74,5,16.0,11,4,home,2.26,readmitted,1
A01047,P0360,2025-01-22,88,1,5.9,6,1,home_care,0.89,fine,0
A01503,P0520,2025-01-22,30,1,2.8,4,0,nursing_facility,1.51,fine,0
A01552,P0538,2025-01-22,76,1,8.8,8,2,nursing_facility,,fine,0
A01113,P0379,2025-01-22,37,2,13.4,9,3,home,1.44,fine,0
A02611,P0896,2025-01-22,26,3,4.3,7,2,home_care,,fine,0
A00633,P0212,2025-01-22,22,1,11.4,2,0,nursing_facility,,no_answer,0
A02131,P0735,2025-01-23,78,3,6.1,8,2,nursing_facility,1.8,fine,0
A01795,P0622,2025-01-23,25,1,10.1,4,2,home_care,1.32,fine,0
A00772,P0260,2025-01-23,41,1,7.4,7,1,home_care,1.76,fine,0
A01643,P0569,2025-01-23,76,0,3.4,2,0,home,1.01,fine,0
A02306,P0793,2025-01-23,76,3,4.6,3,3,home,1.25,fine,0
A01659,P0574,2025-01-23,75,5,14.6,11,1,home_care,1.55,readmitted,1
A01818,P0629,2025-01-23,47,3,1.3,8,2,home,1.68,fine,0
A00380,P0129,2025-01-23,51,4,1.0,12,1,home_care,,fine,0
A01625,P0564,2025-01-23,73,1,1.9,4,0,home,,fine,0
A01297,P0443,2025-01-24,33,2,7.1,9,4,nursing_facility,,readmitted,1
A01525,P0530,2025-01-24,67,5,6.3,9,4,nursing_facility,,fine,0
A00806,P0271,2025-01-24,52,0,3.2,3,2,home_care,1.35,no_answer,0
A01697,P0588,2025-01-24,27,0,5.7,2,0,home,,no_answer,0
A00015,P0007,2025-01-24,35,3,1.0,11,1,home,,no_answer,0
A01969,P0683,2025-01-24,42,2,13.1,8,1,home,,fine,0
A01955,P0679,2025-01-25,20,2,1.0,10,1,home_care,1.42,fine,0
A01491,P0517,2025-01-25,62,2,3.8,1,2,home_care,,no_answer,0
A02023,P0703,2025-01-25,27,2,6.3,7,3,home,1.57,no_answer,0
A01891,P0655,2025-01-25,94,1,2.0,7,0,home,,no_answer,0
A00187,P0061,2025-01-25,56,2,2.8,6,0,home,1.45,fine,0
A00500,P0165,2025-01-25,60,0,4.0,3,1,nursing_facility,0.73,no_answer,0
A00225,P0076,2025-01-25,65,0,9.4,3,0,home,0.63,fine,0
A01158,P0396,2025-01-25,61,1,4.6,9,5,home,,fine,0
A00163,P0052,2025-01-25,92,1,4.6,6,0,home,,fine,0
A00319,P0108,2025-01-25,64,2,8.7,9,0,home,1.03,fine,0
A00631,P0212,2025-01-25,22,1,8.7,5,2,nursing_facility,1.18,fine,0
A01598,P0554,2025-01-25,69,2,3.7,8,1,nursing_facility,1.53,fine,0
A00603,P0201,2025-01-25,92,0,2.8,4,0,home,0.72,fine,0
A01544,P0535,2025-01-26,38,2,8.7,3,0,home,1.19,fine,0
A02072,P0717,2025-01-26,32,6,5.2,16,3,home,2.33,readmitted,1
A01701,P0589,2025-01-26,73,1,9.0,11,0,home,,no_answer,0
A01208,P0412,2025-01-26,36,0,4.7,3,2,home_care,,fine,0
A01133,P0387,2025-01-26,63,1,8.7,10,1,home,,fine,0
A01993,P0692,2025-01-26,40,1,1.9,9,1,nursing_facility,,no_answer,0
A02569,P0883,2025-01-26,35,2,4.4,8,3,home,1.3,fine,0
A01972,P0684,2025-01-26,52,5,7.8,9,1,home,1.6,fine,0
A01029,P0354,2025-01-26,71,2,3.3,5,4,home,1.31,fine,0
A00143,P0046,2025-01-26,26,6,3.6,8,1,home,2.27,readmitted,1
A00709,P0240,2025-01-26,92,3,6.5,9,0,nursing_facility,1.02,no_answer,0
A02554,P0877,2025-01-27,60,2,1.5,7,1,home,1.26,fine,0
A00600,P0201,2025-01-27,92,0,2.9,6,1,nursing_facility,0.95,readmitted,1
A01629,P0565,2025-01-27,22,3,1.0,6,0,home,1.22,no_answer,0
A01702,P0590,2025-01-27,49,3,3.7,12,3,home,,no_answer,0
A02223,P0766,2025-01-27,93,3,2.8,6,2,nursing_facility,,fine,0
A01139,P0389,2025-01-27,30,3,9.5,8,1,home,,no_answer,0
A00853,P0291,2025-01-27,89,1,1.7,6,1,home,,fine,0
A00993,P0341,2025-01-27,53,2,2.9,9,1,home,1.42,fine,0
A01721,P0597,2025-01-27,77,4,3.6,12,3,home,1.42,fine,0
A02572,P0883,2025-01-27,35,2,7.1,12,1,nursing_facility,,no_answer,0
A01787,P0620,2025-01-28,51,3,2.0,5,2,nursing_facility,,no_answer,1
A00736,P0248,2025-01-28,24,1,4.0,8,1,home,1.31,fine,0
A02144,P0738,2025-01-28,47,2,2.5,8,0,home_care,1.15,fine,0
A02330,P0804,2025-01-28,63,1,3.7,7,0,home_care,1.31,no_answer,0
A01357,P0465,2025-01-28,84,1,14.6,7,2,home,0.84,readmitted,0
A00597,P0200,2025-01-28,50,0,4.8,5,2,home_care,,fine,0
A01766,P0612,2025-01-28,29,1,5.6,7,1,home,0.7,fine,0
A01287,P0438,2025-01-28,81,2,2.5,5,4,nursing_facility,,fine,0
A01652,P0571,2025-01-28,32,3,6.7,11,4,home,,fine,0
A02207,P0761,2025-01-29,21,1,3.3,4,0,nursing_facility,1.86,no_answer,0
A00712,P0241,2025-01-29,19,4,10.6,8,4,home,,no_answer,0
A00350,P0119,2025-01-29,63,2,5.8,4,0,home,,no_answer,0
A00053,P0017,2025-01-29,79,2,3.8,12,1,home,0.8,fine,0
A00863,P0294,2025-01-29,37,1,6.4,8,0,home,1.55,fine,0
A00072,P0023,2025-01-30,39,2,1.9,4,1,home,,fine,0
A02584,P0887,2025-01-30,85,3,3.6,12,1,home,1.12,fine,0
A00105,P0034,2025-01-30,80,1,8.6,2,2,home,,no_answer,0
A00231,P0077,2025-01-30,81,3,5.5,5,0,home,,readmitted,0
A01349,P0463,2025-01-30,73,1,4.7,2,0,home,,no_answer,0
A00504,P0167,2025-01-30,31,0,4.1,5,0,home_care,0.73,fine,0
A00045,P0015,2025-01-30,81,1,5.9,12,1,nursing_facility,1.25,fine,0
A01561,P0542,2025-01-30,83,2,1.2,12,1,home,1.42,fine,0
A00217,P0074,2025-01-30,55,3,5.0,12,1,home_care,,fine,0
A01515,P0526,2025-01-31,56,2,3.8,13,3,home,1.3,fine,0
A00417,P0141,2025-01-31,69,2,12.2,7,0,home_care,1.01,no_answer,0
A02215,P0763,2025-01-31,42,1,9.6,6,0,home,1.3,fine,0
A02385,P0823,2025-01-31,67,1,4.0,10,0,home,1.76,fine,0
A01723,P0597,2025-02-01,77,4,8.8,10,2,home,1.71,fine,0
A01543,P0535,2025-02-01,38,2,1.0,6,0,home_care,1.07,no_answer,0
A00529,P0176,2025-02-01,93,2,8.5,5,2,home,,no_answer,0
A01421,P0491,2025-02-01,47,4,2.4,6,4,home,1.96,no_answer,0
A01233,P0421,2025-02-01,44,2,6.4,13,3,home_care,1.5,fine,0
A02420,P0833,2025-02-01,82,5,3.6,8,2,home,,fine,0
A02398,P0827,2025-02-01,51,1,2.5,9,0,home_care,0.94,no_answer,0
A00075,P0024,2025-02-01,73,1,6.2,9,1,home_care,,fine,0
A02446,P0843,2025-02-02,77,2,3.3,12,2,home,,no_answer,1
A00078,P0025,2025-02-02,37,0,3.0,4,1,home_care,1.27,fine,0
A01874,P0648,2025-02-02,46,1,4.9,6,0,home,,fine,0
A01450,P0501,2025-02-02,46,1,4.8,5,2,home,0.91,readmitted,1
A00655,P0220,2025-02-02,58,3,7.5,10,2,home,1.2,fine,0
A01092,P0373,2025-02-02,20,3,1.6,10,1,home,,fine,0
A00050,P0017,2025-02-02,79,2,4.6,9,2,home,1.17,no_answer,0
A02063,P0715,2025-02-02,55,2,2.7,9,2,home,,no_answer,0
A00427,P0145,2025-02-02,85,0,4.9,3,0,nursing_facility,,fine,0
A02396,P0826,2025-02-03,34,3,2.6,9,1,home,,fine,0
A01555,P0541,2025-02-03,65,4,2.9,9,1,home,1.52,no_answer,0
A00851,P0290,2025-02-03,73,4,6.0,11,1,home,2.11,fine,0
A01260,P0431,2025-02-03,42,1,2.8,7,0,home_care,0.83,fine,0
A01895,P0657,2025-02-03,26,3,1.1,7,0,nursing_facility,1.25,fine,0
A02258,P0776,2025-02-03,78,1,2.3,7,2,home_care,,no_answer,0
A02226,P0767,2025-02-03,23,0,5.1,7,1,nursing_facility,,no_answer,0
A00501,P0166,2025-02-03,21,4,3.7,5,5,home_care,1.45,no_answer,0
A01439,P0497,2025-02-03,81,0,5.9,4,0,home_care,1.41,fine,0
A00234,P0080,2025-02-03,59,0,3.1,6,1,home_care,1.02,no_answer,0
A02494,P0859,2025-02-04,58,0,12.8,6,1,home,1.59,fine,0
A00589,P0196,2025-02-04,79,5,5.0,12,0,home,,no_answer,0
A01753,P0608,2025-02-04,42,5,8.1,7,3,nursing_facility,,fine,0
A00624,P0210,2025-02-04,70,3,5.5,3,6,home,1.56,readmitted,1
A02019,P0702,2025-02-05,57,2,8.8,10,1,home_care,,fine,0
A00512,P0170,2025-02-05,92,0,5.5,3,0,home,0.67,no_answer,0
A01748,P0607,2025-02-05,76,4,11.2,10,2,home,1.15,readmitted,1
A00338,P0114,2025-02-05,48,3,2.5,12,2,home,,fine,0
A02026,P0704,2025-02-05,50,0,10.2,8,0,home_care,1.13,readmitted,1
A02233,P0769,2025-02-05,36,2,2.4,6,2,home_care,1.65,fine,0
A01386,P0476,2025-02-05,30,2,2.1,12,0,home,1.83,fine,0
A02090,P0724,2025-02-06,77,4,5.6,9,2,home_care,1.97,no_answer,0
A01209,P0412,2025-02-06,36,0,14.4,9,1,home_care,1.57,no_answer,0
A02077,P0718,2025-02-06,30,2,2.1,8,0,nursing_facility,,fine,0
A02214,P0763,2025-02-06,42,1,3.5,8,1,home,,no_answer,0
A00314,P0106,2025-02-06,68,1,5.8,4,0,nursing_facility,,fine,0
A01454,P0503,2025-02-06,59,3,3.8,6,1,home,,fine,0
A00418,P0142,2025-02-06,19,3,7.0,7,1,home,,fine,0
A02409,P0831,2025-02-06,71,2,7.5,8,1,home,1.46,fine,0
A00456,P0152,2025-02-06,55,3,5.6,9,4,nursing_facility,,readmitted,1
A01143,P0390,2025-02-06,26,4,1.0,16,2,home,1.2,no_answer,0
A01253,P0429,2025-02-07,79,1,19.4,4,0,home,0.89,fine,0
A01406,P0486,2025-02-07,94,1,6.3,10,1,home_care,0.83,no_answer,0
A02304,P0793,2025-02-07,76,3,13.3,6,4,home,1.48,fine,0
A01970,P0684,2025-02-07,52,5,6.0,10,1,home_care,1.7,fine,0
A01765,P0612,2025-02-07,29,1,17.9,8,2,home,1.39,fine,0
A01578,P0547,2025-02-07,86,2,4.4,10,3,home,,fine,0
A00291,P0098,2025-02-07,65,2,6.0,10,0,home,,fine,0
A01269,P0434,2025-02-07,51,1,5.7,7,1,home,1.14,fine,0
A00458,P0152,2025-02-07,55,3,2.7,2,4,home,2.04,readmitted,1
A00982,P0337,2025-02-08,41,1,7.7,9,0,home,,fine,0
A01142,P0390,2025-02-08,26,4,7.8,8,2,home,,fine,0
A00620,P0208,2025-02-08,51,2,5.2,5,1,nursing_facility,1.21,fine,0
A02395,P0825,2025-02-08,91,3,3.1,6,3,home,2.01,readmitted,1
A02166,P0747,2025-02-09,90,5,4.9,9,1,home,,readmitted,1
A00855,P0292,2025-02-09,25,1,13.2,5,1,home,,fine,0
A02518,P0865,2025-02-09,61,2,5.9,7,2,nursing_facility,1.37,no_answer,0
A01332,P0456,2025-02-09,88,1,10.9,3,2,home_care,1.38,readmitted,1
A00406,P0138,2025-02-09,91,0,5.8,9,2,home,,fine,0
A00386,P0130,2025-02-09,45,1,1.0,5,0,home,1.18,no_answer,0
A00902,P0308,2025-02-10,28,4,1.0,7,2,home,,fine,0
A02499,P0860,2025-02-10,89,2,3.5,9,2,home,1.67,fine,0
A00946,P0323,2025-02-10,88,2,3.2,10,0,home,,no_answer,0
A01415,P0489,2025-02-10,25,2,3.2,9,0,home,,readmitted,1
A01189,P0406,2025-02-10,36,1,4.0,8,2,nursing_facility,0.7,no_answer,0
A02469,P0851,2025-02-10,91,4,5.6,14,0,home,1.4,fine,0
A00306,P0104,2025-02-11,26,2,3.2,6,4,home_care,,fine,1
A02451,P0844,2025-02-11,27,2,9.2,6,1,home,,no_answer,0
A02059,P0713,2025-02-11,84,4,11.5,11,0,home,0.96,no_answer,0
A02508,P0863,2025-02-11,24,1,9.4,8,2,home,0.88,fine,0
A01037,P0356,2025-02-11,86,2,1.1,7,4,nursing_facility,1.31,readmitted,1
A02142,P0738,2025-02-11,47,2,9.6,8,1,nursing_facility,1.42,fine,0
A01375,P0474,2025-02-12,68,2,2.8,7,2,home,1.21,fine,0
A00439,P0147,2025-02-12,68,1,8.6,7,1,home,0.96,fine,0
A00065,P0021,2025-02-12,41,2,8.0,3,2,nursing_facility,1.44,no_answer,0
A02381,P0823,2025-02-12,67,1,16.8,4,2,nursing_facility,1.26,fine,0
A00188,P0062,2025-02-12,47,2,3.7,5,3,home_care,1.1,fine,0
A00322,P0109,2025-02-13,42,1,2.4,3,0,home,1.34,fine,0
A00746,P0251,2025-02-13,35,3,2.6,7,0,nursing_facility,1.44,fine,0
A01314,P0450,2025-02-13,79,1,3.9,4,2,home,1.61,fine,0
A02291,P0788,2025-02-13,44,3,6.4,3,2,home_care,1.13,no_answer,0
A01280,P0437,2025-02-13,27,1,6.5,5,1,home,1.2,fine,0
A01600,P0554,2025-02-13,69,2,8.2,6,2,home_care,1.06,no_answer,0
A01779,P0618,2025-02-13,44,3,5.2,6,3,nursing_facility,1.24,fine,0
A01572,P0546,2025-02-13,31,3,11.1,2,2,nursing_facility,1.79,fine,0
A02337,P0805,2025-02-13,29,2,2.9,12,2,home,1.43,fine,0
A02530,P0869,2025-02-13,89,1,5.4,5,2,home,1.27,fine,0
A00477,P0158,2025-02-14,39,0,2.5,8,0,nursing_facility,,fine,0
A00936,P0319,2025-02-15,21,1,1.8,1,2,nursing_facility,1.62,no_answer,0
A02020,P0702,2025-02-15,57,2,5.2,13,0,home,1.68,readmitted,0
A02613,P0897,2025-02-15,60,2,5.8,5,0,home_care,,fine,0
A01013,P0348,2025-02-15,74,0,1.0,2,1,home,,fine,0
A00540,P0180,2025-02-15,72,3,3.7,7,2,home,,fine,0
A00049,P0016,2025-02-15,28,4,9.3,12,1,nursing_facility,1.91,no_answer,0
A00513,P0170,2025-02-15,92,0,6.4,5,1,home_care,,fine,0
A00730,P0246,2025-02-15,91,1,4.8,5,1,home_care,1.42,fine,0
A00673,P0227,2025-02-16,89,2,16.8,7,0,home,,no_answer,0
A01281,P0437,2025-02-16,27,1,6.9,5,2,home,,no_answer,0
A02503,P0861,2025-02-16,74,5,1.7,4,1,home_care,,fine,0
A01008,P0346,2025-02-16,24,1,7.1,7,1,home,,fine,0
A02436,P0840,2025-02-16,21,2,5.7,5,2,home,,no_answer,0
A02217,P0763,2025-02-16,42,1,2.5,9,0,home,,no_answer,0
A01582,P0548,2025-02-17,84,0,18.1,4,1,home,,readmitted,0
A02536,P0872,2025-02-17,88,2,3.1,7,1,home,,fine,1
A01998,P0694,2025-02-17,37,2,10.6,7,1,home,1.53,no_answer,0
A00570,P0189,2025-02-17,42,5,4.5,9,3,home,,readmitted,1
A01633,P0566,2025-02-17,35,1,5.6,6,0,home,,fine,0
A00013,P0006,2025-02-17,82,3,5.9,10,0,home,,fine,0
A00520,P0173,2025-02-17,61,2,1.2,7,2,home,1.52,fine,0
A01331,P0455,2025-02-17,66,1,2.0,3,0,home,,fine,0
A01223,P0417,2025-02-18,83,1,11.6,6,1,home,,fine,0
A01859,P0645,2025-02-18,72,4,2.0,10,4,home,1.66,no_answer,0
A02014,P0700,2025-02-18,75,1,9.1,3,3,home,0.98,no_answer,0
A01027,P0353,2025-02-18,76,0,2.3,3,0,home,,fine,0
A00638,P0214,2025-02-18,39,0,4.8,5,0,home_care,0.91,no_answer,0
A01255,P0429,2025-02-18,79,1,2.9,5,0,home_care,0.83,fine,0
A02013,P0700,2025-02-19,75,1,1.5,10,2,home_care,0.92,fine,0
A01975,P0685,2025-02-19,73,4,3.5,10,6,home,0.8,readmitted,1
A01341,P0460,2025-02-19,45,0,8.2,4,2,nursing_facility,1.49,fine,0
A01905,P0660,2025-02-19,59,1,3.3,9,1,home,1.15,fine,0
A02066,P0715,2025-02-19,55,2,4.7,11,2,home,,no_answer,0
A01078,P0369,2025-02-19,88,3,6.1,12,1,home_care,,fine,0
A00675,P0228,2025-02-19,41,2,4.8,8,5,home_care,0.97,fine,0
A00117,P0039,2025-02-19,94,2,3.9,8,0,home,,fine,0
A01175,P0402,2025-02-19,51,3,4.4,8,4,nursing_facility,1.84,readmitted,1
A00252,P0084,2025-02-19,32,1,1.2,3,1,home_care,1.18,fine,0
A01666,P0576,2025-02-20,34,0,2.6,5,1,home,0.52,fine,0
A02311,P0794,2025-02-20,78,1,3.0,11,1,home,1.29,fine,0
A01987,P0691,2025-02-20,94,0,4.4,3,0,home_care,1.01,fine,0
A00088,P0029,2025-02-20,56,5,5.4,17,4,home,,readmitted,1
A00705,P0239,2025-02-20,80,1,3.2,6,0,home,,no_answer,0
A01989,P0691,2025-02-20,94,0,6.1,4,1,home,,no_answer,0
A02107,P0728,2025-02-21,72,1,11.1,9,2,home,,no_answer,0
A01526,P0531,2025-02-21,24,3,10.6,9,5,home,1.3,no_answer,0
A00666,P0224,2025-02-21,94,4,1.9,12,3,home,1.36,fine,0
A00663,P0223,2025-02-21,88,1,6.1,3,2,home,1.5,readmitted,1
A02297,P0790,2025-02-21,43,6,3.9,12,4,home,2.07,no_answer,0
A01512,P0524,2025-02-21,87,2,5.9,8,1,home_care,0.87,fine,0
A00588,P0196,2025-02-21,79,5,2.4,15,2,home,1.28,fine,0
A00561,P0186,2025-02-21,76,1,2.3,7,3,home_care,,fine,0
A00432,P0146,2025-02-21,25,1,6.2,8,3,home,1.01,fine,0
A01478,P0512,2025-02-22,63,4,1.0,9,1,home,1.42,fine,0
A00211,P0072,2025-02-22,73,1,7.0,7,2,home,,fine,0
A02043,P0709,2025-02-22,27,6,3.1,11,1,nursing_facility,1.99,no_answer,0
A00118,P0039,2025-02-22,94,2,8.0,8,1,home_care,1.22,fine,0
A02412,P0832,2025-02-22,36,4,5.3,5,4,home,1.45,readmitted,1
A02069,P0717,2025-02-22,32,6,8.2,6,5,home,,readmitted,1
A01504,P0520,2025-02-23,30,1,10.1,1,1,home,0.63,no_answer,0
A02244,P0772,2025-02-23,83,0,6.3,6,1,home,,fine,0
A00536,P0178,2025-02-23,34,2,1.8,10,1,home,,fine,0
A02239,P0770,2025-02-23,88,3,4.7,12,1,nursing_facility,1.23,fine,0
A02051,P0710,2025-02-23,30,2,5.9,7,3,home_care,1.84,fine,0
A02452,P0844,2025-02-24,27,2,1.0,10,0,home,1.68,fine,0
A00134,P0044,2025-02-24,84,2,1.0,4,2,home,0.28,fine,0
A02513,P0864,2025-02-24,91,0,12.1,6,0,home,0.68,readmitted,1
A01802,P0624,2025-02-25,92,2,5.3,10,1,nursing_facility,1.19,fine,0
A01388,P0477,2025-02-25,61,2,9.7,10,0,home,1.55,readmitted,1
A00759,P0256,2025-02-25,26,1,1.6,9,1,home,1.39,fine,0
A02011,P0699,2025-02-25,48,4,3.7,8,1,home,1.71,fine,0
A02061,P0714,2025-02-26,64,1,1.4,4,1,home_care,1.02,readmitted,1
A00872,P0297,2025-02-26,58,2,2.3,6,1,home_care,1.09,no_answer,0
A01234,P0421,2025-02-26,44,2,3.9,7,1,home_care,0.83,no_answer,0
A00927,P0317,2025-02-26,33,3,5.5,7,1,home_care,,fine,0
A01826,P0631,2025-02-26,81,1,3.2,5,0,home,1.41,fine,0
A02151,P0741,2025-02-26,28,0,4.8,6,1,nursing_facility,1.53,fine,0
A02383,P0823,2025-02-26,67,1,8.7,3,0,nursing_facility,0.74,no_answer,0
A00764,P0257,2025-02-26,31,1,3.4,2,0,nursing_facility,1.26,fine,0
A00744,P0251,2025-02-26,35,3,10.4,10,4,home_care,1.82,fine,0
A02393,P0825,2025-02-26,91,3,2.2,3,1,home,,fine,0
A02327,P0803,2025-02-27,90,2,1.0,7,1,home_care,,fine,0
A01455,P0503,2025-02-27,59,3,4.8,9,3,nursing_facility,1.58,fine,0
A01816,P0628,2025-02-27,77,3,3.5,8,1,home,2.03,fine,0
A00400,P0135,2025-02-27,25,1,7.5,5,1,home,1.27,no_answer,0
A01258,P0431,2025-02-27,42,1,3.9,7,1,home,,no_answer,0
A02556,P0877,2025-02-27,60,2,6.2,10,3,home_care,1.28,fine,0
A02621,P0899,2025-02-28,80,2,4.7,4,1,home,1.13,fine,0
A01603,P0555,2025-02-28,74,4,1.0,11,4,nursing_facility,1.8,fine,0
A02356,P0810,2025-02-28,31,3,12.0,11,0,home_care,1.16,fine,0
A01427,P0493,2025-02-28,28,3,6.8,3,3,nursing_facility,1.94,fine,0
A01170,P0399,2025-02-28,59,1,1.6,7,0,home,,fine,0
A01067,P0366,2025-02-28,86,1,5.0,7,1,nursing_facility,1.2,fine,0
A01496,P0518,2025-02-28,85,3,6.6,13,0,home,,fine,0
A00944,P0322,2025-02-28,41,4,6.4,13,1,home,,fine,0
A01093,P0373,2025-02-28,20,3,4.5,11,3,home,,no_answer,1
A00969,P0332,2025-02-28,31,0,7.1,5,0,home_care,0.53,fine,0
A01060,P0365,2025-02-28,85,2,6.2,9,2,home,,fine,0
A00753,P0254,2025-03-01,88,0,1.0,4,1,home_care,,fine,0
A02295,P0789,2025-03-01,41,4,3.1,9,4,home,1.84,no_answer,0
A00778,P0262,2025-03-01,84,3,10.2,9,1,home,,fine,0
A02220,P0765,2025-03-01,64,3,8.7,8,2,home_care,1.63,no_answer,0
A01444,P0499,2025-03-01,47,3,4.1,3,1,home,,no_answer,0
A00235,P0080,2025-03-01,59,0,4.3,7,1,nursing_facility,1.07,fine,0
A02123,P0733,2025-03-01,48,2,3.1,5,2,home,1.8,fine,0
A01463,P0506,2025-03-02,72,2,8.3,9,1,nursing_facility,1.47,fine,0
A01438,P0496,2025-03-02,70,4,4.7,10,2,home_care,1.51,no_answer,0
A02450,P0843,2025-03-02,77,2,3.3,5,1,home_care,1.14,no_answer,0
A00566,P0187,2025-03-02,60,2,1.1,6,2,home,1.31,readmitted,1
A02289,P0787,2025-03-02,74,1,4.4,4,1,home_care,1.44,fine,0
A00581,P0193,2025-03-02,19,0,9.9,8,1,home,1.05,fine,0
A01371,P0473,2025-03-02,68,0,6.5,4,0,home_care,0.83,fine,0
A02414,P0832,2025-03-02,36,4,1.7,7,7,nursing_facility,1.39,readmitted,1
A01274,P0435,2025-03-02,79,2,5.2,7,0,nursing_facility,1.52,fine,0
A00374,P0127,2025-03-03,29,2,8.2,9,3,home,0.78,readmitted,1
A01023,P0352,2025-03-03,18,1,2.6,7,2,nursing_facility,,fine,0
A01449,P0501,2025-03-03,46,1,1.2,8,0,home,0.41,no_answer,1
A00018,P0008,2025-03-03,22,1,7.6,8,0,home,,fine,0
A01011,P0347,2025-03-03,32,4,1.3,3,2,home,,fine,0
A01468,P0508,2025-03-03,34,2,4.1,12,0,home,0.76,fine,0
A01069,P0367,2025-03-03,58,3,12.8,8,3,home,1.36,fine,0
A00545,P0182,2025-03-03,92,1,2.3,8,1,home_care,0.74,no_answer,0
A00921,P0315,2025-03-03,48,1,5.6,7,2,home,1.3,no_answer,0
A01639,P0568,2025-03-03,90,1,3.6,5,1,home,0.49,fine,0
A01046,P0359,2025-03-03,26,3,9.8,6,2,home,1.13,no_answer,0
A01002,P0344,2025-03-04,49,1,5.0,4,0,home_care,1.02,fine,0
A00865,P0294,2025-03-04,37,1,4.5,7,0,home,0.73,no_answer,0
A01761,P0610,2025-03-04,33,2,1.9,4,1,home,1.1,fine,0
A02281,P0783,2025-03-04,83,4,7.8,8,2,home,1.28,fine,0
A00497,P0164,2025-03-04,36,1,12.6,9,1,home,1.62,fine,0
A00552,P0183,2025-03-04,85,1,1.8,8,1,nursing_facility,,fine,0
A00786,P0264,2025-03-04,93,2,1.1,10,1,nursing_facility,1.06,no_answer,0
A00422,P0142,2025-03-04,19,3,1.6,9,0,home,1.42,fine,0
A01335,P0458,2025-03-04,70,1,2.2,6,0,home,0.82,fine,0
A00550,P0183,2025-03-04,85,1,1.0,9,2,home,,fine,0
A01559,P0542,2025-03-04,83,2,1.2,9,0,home,1.36,fine,0
A01402,P0485,2025-03-05,53,6,9.8,10,4,home,,fine,0
A00676,P0228,2025-03-05,41,2,1.3,6,2,home,,fine,0
A01409,P0487,2025-03-05,68,0,1.0,4,0,home,,fine,0
A00701,P0237,2025-03-05,50,0,2.6,6,1,home_care,,fine,0
A01436,P0495,2025-03-05,69,2,3.3,5,1,home,,fine,0
A01506,P0521,2025-03-05,23,1,3.7,8,1,home,,fine,0
A01788,P0620,2025-03-05,51,3,8.7,9,2,home,1.54,fine,0
A02188,P0753,2025-03-05,34,2,2.5,8,0,home,,fine,0
A00269,P0090,2025-03-05,21,2,4.4,9,3,home,,fine,0
A00721,P0242,2025-03-06,84,5,16.2,12,1,home,,fine,0
A00084,P0027,2025-03-06,52,0,3.8,8,0,home,0.33,no_answer,0
A01403,P0486,2025-03-06,94,1,10.8,2,0,home_care,1.06,no_answer,0
A00222,P0075,2025-03-06,18,1,4.7,5,0,home,,no_answer,0
A00608,P0204,2025-03-06,74,1,1.6,3,1,home,1.32,fine,0
A01813,P0627,2025-03-06,73,5,2.3,14,5,home,,fine,0
A02010,P0698,2025-03-07,22,4,1.4,5,3,home,,no_answer,1
A01459,P0506,2025-03-07,72,2,2.9,3,2,home,1.16,fine,0
A00952,P0326,2025-03-07,63,4,4.2,8,10,home,,readmitted,1
A01684,P0584,2025-03-07,22,5,11.8,12,3,home_care,2.13,fine,0
A02502,P0861,2025-03-07,74,5,9.0,10,2,home_care,1.8,readmitted,1
A00023,P0009,2025-03-07,41,1,17.7,7,1,home,1.47,fine,0
A02147,P0740,2025-03-08,37,5,1.7,11,2,home,1.81,readmitted,1
A02617,P0898,2025-03-08,50,2,10.0,11,1,home,1.82,fine,0
A01080,P0369,2025-03-08,88,3,5.4,13,2,nursing_facility,1.15,fine,0
A00788,P0265,2025-03-08,44,0,9.7,2,1,home,0.79,fine,0
A02402,P0828,2025-03-09,35,1,10.3,6,2,home,0.93,fine,0
A01726,P0599,2025-03-09,48,1,22.6,1,2,nursing_facility,0.64,readmitted,1
A00123,P0040,2025-03-09,53,2,15.5,12,2,home,,fine,0
A01151,P0393,2025-03-09,19,0,8.1,4,1,home,0.98,fine,0
A00622,P0209,2025-03-09,85,3,2.0,11,1,home_care,1.45,no_answer,0
A00563,P0186,2025-03-09,76,1,7.9,6,2,home,0.96,fine,0
A02586,P0888,2025-03-09,57,1,2.9,7,0,home,1.39,no_answer,0
A02257,P0776,2025-03-09,78,1,11.9,7,1,home,,readmitted,1
A01792,P0621,2025-03-09,59,3,14.3,9,4,home,1.57,readmitted,1
A02253,P0775,2025-03-10,76,5,7.2,5,4,home,1.55,fine,0
A00155,P0049,2025-03-10,20,4,4.1,8,2,home_care,1.74,fine,0
A00426,P0144,2025-03-10,56,1,1.4,3,3,home_care,1.35,fine,0
A02434,P0838,2025-03-10,50,1,7.0,4,1,home_care,0.95,fine,0
A00137,P0045,2025-03-10,65,1,15.8,3,2,home,,fine,0
A01822,P0630,2025-03-10,20,1,2.8,6,4,home,1.21,no_answer,0
A00016,P0008,2025-03-10,22,1,3.2,7,4,home,1.68,fine,0
A02182,P0751,2025-03-11,92,2,3.8,3,2,home,,fine,0
A00852,P0290,2025-03-11,73,4,6.0,9,2,home,1.63,fine,0
A02405,P0830,2025-03-11,18,3,4.2,9,0,home,,fine,0
A02083,P0720,2025-03-11,83,4,8.2,7,2,home,,no_answer,0
A01690,P0585,2025-03-11,79,2,4.4,12,2,home,1.12,fine,0
A01074,P0368,2025-03-11,80,1,2.3,5,0,home,0.5,fine,0
A00149,P0047,2025-03-12,21,3,8.8,5,1,home,,no_answer,0
A00685,P0232,2025-03-12,75,3,1.3,7,1,home,1.92,readmitted,0
A02084,P0721,2025-03-12,38,0,6.7,3,1,home,,fine,0
A02172,P0749,2025-03-12,35,1,4.2,5,0,home,,no_answer,0
A00547,P0182,2025-03-13,92,1,2.9,4,0,home,,fine,0
A02612,P0897,2025-03-13,60,2,4.0,7,4,home,,fine,0
A02388,P0824,2025-03-13,81,3,6.2,9,3,home,1.23,readmitted,1
A02507,P0863,2025-03-13,24,1,3.4,6,1,home,,fine,0
A01083,P0371,2025-03-13,21,3,7.5,12,1,home,,fine,0
A00825,P0278,2025-03-13,87,0,4.6,7,0,nursing_facility,,no_answer,0
A00079,P0025,2025-03-14,37,0,5.4,2,1,home,0.72,fine,0
A01662,P0575,2025-03-14,59,2,3.4,4,3,home_care,1.53,fine,0
A00681,P0229,2025-03-14,18,1,5.7,7,1,home,,fine,0
A01533,P0532,2025-03-14,74,3,5.9,9,3,nursing_facility,,no_answer,0
A02284,P0784,2025-03-14,71,2,9.6,7,1,home,,fine,0
A01064,P0366,2025-03-14,86,1,3.8,5,1,home,,no_answer,0
A01687,P0584,2025-03-14,22,5,5.1,10,7,home,1.4,no_answer,0
A02171,P0748,2025-03-15,36,3,1.8,8,0,home_care,1.48,fine,0
A01860,P0645,2025-03-15,72,4,5.8,7,4,home,,no_answer,0
A00804,P0271,2025-03-15,52,0,4.3,8,0,home,1.11,no_answer,0
A02122,P0732,2025-03-15,94,2,5.1,6,2,home,1.58,fine,0
A02228,P0768,2025-03-15,57,0,1.6,6,1,home,0.95,fine,0
A01671,P0579,2025-03-15,87,2,7.5,7,0,home,0.81,fine,0
A02417,P0833,2025-03-16,82,5,2.9,14,2,home,,readmitted,1
A01309,P0448,2025-03-16,38,2,7.9,4,2,home,1.25,readmitted,0
A01920,P0664,2025-03-16,89,6,2.2,13,4,home_care,,fine,0
A02235,P0769,2025-03-16,36,2,1.4,9,1,home,1.56,fine,0
A02041,P0708,2025-03-17,82,1,6.7,4,0,home_care,,fine,0
A01426,P0493,2025-03-17,28,3,1.3,4,2,home,,readmitted,0
A01587,P0549,2025-03-17,46,1,1.3,4,0,home,0.7,no_answer,0
A02260,P0777,2025-03-17,81,1,1.8,4,0,home,,no_answer,0
A00493,P0163,2025-03-17,89,4,7.2,9,2,home,2.14,readmitted,1
A00330,P0111,2025-03-17,29,2,10.4,9,3,home,1.08,fine,0
A00667,P0225,2025-03-17,29,1,5.9,5,2,home_care,0.88,fine,0
A02331,P0804,2025-03-17,63,1,13.2,4,0,home,0.78,no_answer,0
A00503,P0167,2025-03-17,31,0,7.9,2,1,home,,fine,0
A00156,P0049,2025-03-18,20,4,1.0,2,0,home,,fine,0
A01102,P0375,2025-03-18,19,0,6.0,7,0,home,0.99,fine,0
A00808,P0272,2025-03-18,33,1,8.7,4,5,home_care,0.99,fine,0
A00856,P0292,2025-03-18,25,1,4.6,6,0,home,0.8,no_answer,0
A02368,P0816,2025-03-18,25,0,1.2,11,0,home,,fine,0
A01298,P0444,2025-03-18,63,2,4.6,5,1,nursing_facility,1.14,no_answer,0
A00955,P0326,2025-03-18,63,4,4.8,9,4,home,1.42,readmitted,1
A00614,P0207,2025-03-19,58,2,8.4,6,2,nursing_facility,1.4,fine,0
A02604,P0893,2025-03-19,75,1,4.3,5,2,home,1.66,fine,0
A02369,P0816,2025-03-19,25,0,1.9,2,0,home,1.04,no_answer,0
A02161,P0744,2025-03-19,59,0,5.2,4,0,home_care,1.02,no_answer,0
A01803,P0625,2025-03-19,60,3,3.2,10,4,home,1.7,no_answer,1
A00183,P0059,2025-03-19,57,1,2.5,10,3,home,0.84,fine,0
A01451,P0502,2025-03-19,69,0,1.9,2,0,home,1.01,fine,0
A01126,P0385,2025-03-19,21,0,6.0,6,0,home,,no_answer,0
A01390,P0479,2025-03-20,90,1,4.8,8,2,home,1.17,fine,0
A01368,P0471,2025-03-20,20,2,3.9,4,1,home,1.11,fine,0
A01518,P0526,2025-03-20,56,2,3.9,7,3,home,,fine,0
A01168,P0399,2025-03-20,59,1,4.4,6,2,home,,fine,0
A00082,P0026,2025-03-20,94,3,10.1,13,0,home,0.81,fine,0
A01979,P0687,2025-03-20,53,2,13.7,4,3,home_care,0.89,fine,0
A00615,P0207,2025-03-21,58,2,1.9,6,0,home,1.25,no_answer,0
A02373,P0818,2025-03-21,63,4,9.6,13,4,home,1.56,no_answer,0
A02442,P0842,2025-03-21,58,1,7.4,6,0,home_care,,no_answer,0
A02544,P0874,2025-03-21,27,5,5.1,11,5,nursing_facility,1.05,no_answer,0
A00092,P0030,2025-03-21,62,1,1.0,4,1,home_care,1.08,fine,0
A00979,P0336,2025-03-21,46,2,8.7,2,3,home,1.29,fine,0
A02458,P0848,2025-03-21,79,2,2.9,4,2,home,,no_answer,0
A02444,P0842,2025-03-22,58,1,6.6,2,3,home,1.03,fine,0
A02585,P0887,2025-03-22,85,3,4.8,3,6,home_care,,fine,0
A00789,P0265,2025-03-22,44,0,2.4,3,0,nursing_facility,1.27,fine,0
A00871,P0297,2025-03-22,58,2,1.8,8,2,home_care,1.51,readmitted,0
A00912,P0311,2025-03-22,92,3,8.2,5,2,home,1.7,no_answer,0
A02570,P0883,2025-03-22,35,2,5.5,8,0,nursing_facility,1.65,no_answer,0
A01611,P0558,2025-03-22,59,2,2.7,11,1,home,1.65,no_answer,0
A00749,P0253,2025-03-23,33,2,6.6,11,3,home_care,0.89,fine,0
A00554,P0184,2025-03-23,61,3,6.7,6,1,nursing_facility,1.56,no_answer,0
A01673,P0579,2025-03-23,87,2,10.3,5,1,home_care,1.4,fine,0
A00095,P0031,2025-03-23,60,1,8.0,3,3,home,1.17,fine,0
A02564,P0882,2025-03-24,42,1,4.5,5,0,home,,readmitted,0
A01001,P0344,2025-03-24,49,1,5.3,2,2,home,1.21,readmitted,1
A01024,P0352,2025-03-24,18,1,7.3,3,1,home,1.25,fine,0
A01163,P0397,2025-03-24,90,2,6.0,4,0,home,,fine,0
A01890,P0655,2025-03-24,94,1,9.9,6,0,home,1.32,fine,0
A00064,P0021,2025-03-25,41,2,1.0,7,3,home,1.63,no_answer,0
A00738,P0249,2025-03-25,73,3,4.0,8,2,home,,readmitted,1
A01946,P0676,2025-03-25,37,1,4.5,8,1,home_care,1.15,no_answer,0
A00558,P0185,2025-03-25,54,2,2.4,6,1,home,,fine,0
A00971,P0333,2025-03-25,63,1,7.0,8,2,home,1.39,no_answer,0
A00966,P0330,2025-03-25,87,3,1.0,9,0,home,1.92,fine,0
A00263,P0088,2025-03-25,72,1,1.3,4,1,home,0.92,fine,0
A01482,P0514,2025-03-25,44,2,1.7,5,2,home_care,1.2,no_answer,0
A01228,P0419,2025-03-25,21,2,4.1,4,1,home,1.53,fine,0
A01951,P0678,2025-03-25,29,4,7.3,8,1,nursing_facility,,fine,0
A02156,P0742,2025-03-25,44,2,3.4,6,0,home,0.81,fine,0
A02339,P0807,2025-03-25,57,3,4.1,4,1,home,1.7,fine,0
A01781,P0618,2025-03-26,44,3,3.1,10,2,home,,no_answer,0
A01767,P0612,2025-03-26,29,1,1.7,8,0,home_care,0.84,no_answer,0
A00344,P0116,2025-03-26,62,2,2.2,7,1,home,,readmitted,1
A01958,P0680,2025-03-26,26,1,1.9,6,2,nursing_facility,,fine,0
A00741,P0250,2025-03-26,35,2,1.0,8,2,home,,no_answer,0
A00094,P0030,2025-03-26,62,1,12.0,9,2,home,1.49,fine,0
A00112,P0036,2025-03-26,71,1,14.5,9,1,home_care,,readmitted,1
A01317,P0451,2025-03-27,25,2,2.4,7,0,home,1.63,no_answer,0
A01947,P0676,2025-03-27,37,1,4.4,5,0,nursing_facility,1.42,fine,0
A00445,P0149,2025-03-27,28,0,1.6,4,0,home,1.44,fine,0
A00190,P0063,2025-03-27,37,2,8.4,4,0,home,1.66,fine,0
A00875,P0298,2025-03-27,59,5,4.3,7,2,home_care,2.14,readmitted,1
A00165,P0053,2025-03-27,53,2,6.9,9,2,home,1.32,fine,0
A00771,P0259,2025-03-27,44,2,8.7,9,1,home_care,1.93,fine,0
A00593,P0198,2025-03-27,87,2,4.3,8,2,home,0.95,fine,0
A01006,P0345,2025-03-28,66,2,1.0,9,2,home_care,1.39,no_answer,0
A02076,P0718,2025-03-28,30,2,3.0,7,0,home,,fine,0
A02592,P0889,2025-03-28,33,2,3.8,3,0,home,,fine,0
A00245,P0082,2025-03-28,92,2,7.0,3,3,nursing_facility,1.14,no_answer,0
A00447,P0150,2025-03-28,83,2,7.4,8,1,home,,fine,0
A01745,P0605,2025-03-28,76,0,4.6,4,0,home,,fine,0
A00039,P0014,2025-03-28,56,2,1.7,8,0,home_care,1.21,fine,0
A00212,P0073,2025-03-28,46,1,9.7,6,0,home_care,0.98,fine,0
A01172,P0400,2025-03-28,67,3,5.1,9,1,home_care,1.63,no_answer,0
A01114,P0380,2025-03-29,91,2,11.6,4,0,home_care,1.32,fine,0
A00641,P0215,2025-03-29,70,1,2.6,6,2,nursing_facility,1.77,fine,0
A01585,P0549,2025-03-29,46,1,1.0,2,2,home,,fine,0
A00332,P0112,2025-03-29,47,4,6.1,12,1,nursing_facility,1.74,no_answer,0
A02466,P0850,2025-03-29,68,3,1.0,7,2,home,,fine,0
A02429,P0836,2025-03-29,52,1,6.5,5,0,home,1.21,fine,0
A01521,P0528,2025-03-29,83,1,3.0,6,0,home,,fine,0
A02355,P0810,2025-03-29,31,3,4.9,3,4,home,,fine,0
A00128,P0042,2025-03-29,83,3,1.0,7,2,home,1.26,fine,0
A02545,P0874,2025-03-29,27,5,6.1,7,3,home,1.87,fine,0
A01985,P0690,2025-03-29,90,1,5.7,6,0,home,,readmitted,1
A01306,P0447,2025-03-30,67,1,3.6,7,0,home,0.94,fine,0
A01914,P0663,2025-03-30,52,3,4.1,10,1,home_care,1.53,fine,0
A00706,P0239,2025-03-30,80,1,1.0,5,2,home_care,1.0,fine,0
A02007,P0698,2025-03-30,22,4,9.5,7,2,home,1.4,readmitted,1
A00679,P0229,2025-03-30,18,1,1.0,4,1,home,,no_answer,0
A00423,P0143,2025-03-30,41,3,9.6,7,1,home,,fine,0
A02088,P0722,2025-03-30,38,0,4.6,3,0,home,,fine,0
A00930,P0317,2025-03-30,33,3,2.1,8,2,home_care,1.08,fine,0
A01109,P0377,2025-03-30,37,3,17.4,5,2,home,,fine,0
A02271,P0780,2025-03-30,82,1,4.3,9,1,home,,fine,0
A00989,P0339,2025-03-30,92,4,4.2,12,2,nursing_facility,1.34,fine,0
A01117,P0381,2025-03-30,32,1,8.3,10,0,home,,no_answer,0
A01709,P0591,2025-03-31,94,3,3.7,5,1,home,1.09,fine,0
A00832,P0282,2025-03-31,62,2,1.0,6,3,home,,readmitted,1
A00381,P0129,2025-03-31,51,4,9.2,7,3,home,,no_answer,0
A02154,P0742,2025-03-31,44,2,4.4,14,1,home,1.42,no_answer,0
A01577,P0547,2025-03-31,86,2,1.4,7,0,nursing_facility,1.49,fine,0
A02302,P0792,2025-03-31,24,4,2.9,13,2,home,,fine,0
A00489,P0162,2025-04-01,75,1,3.4,4,1,home_care,1.13,fine,0
A00021,P0009,2025-04-01,41,1,7.7,7,0,home_care,,fine,0
A01968,P0683,2025-04-01,42,2,15.5,9,1,home_care,1.12,fine,0
A01849,P0641,2025-04-01,94,1,2.3,3,0,home,,fine,0
A02455,P0847,2025-04-01,74,1,6.5,3,1,home,,readmitted,0
A02427,P0836,2025-04-01,52,1,11.7,5,1,home,1.89,readmitted,1
A00179,P0057,2025-04-01,66,2,4.9,11,0,nursing_facility,1.21,readmitted,1
A00166,P0053,2025-04-02,53,2,4.2,5,1,nursing_facility,1.23,fine,0
A01923,P0666,2025-04-02,83,1,1.0,4,3,home,,fine,0
A01300,P0445,2025-04-02,62,3,7.8,10,1,home,1.61,fine,0
A02102,P0726,2025-04-02,81,2,1.4,6,3,home,1.28,fine,0
A00767,P0258,2025-04-03,48,3,4.1,7,5,home,,fine,0
A00637,P0214,2025-04-03,39,0,3.2,3,0,home,,fine,0
A00830,P0280,2025-04-03,77,3,4.1,14,0,nursing_facility,1.16,readmitted,0
A01307,P0448,2025-04-03,38,2,4.1,3,2,home_care,1.08,no_answer,0
A00539,P0179,2025-04-03,36,0,1.6,6,0,home_care,0.47,fine,0
A01124,P0384,2025-04-03,36,2,1.0,10,3,home,1.63,fine,0
A00494,P0163,2025-04-04,89,4,7.9,13,1,home,1.73,readmitted,1
A02477,P0852,2025-04-04,76,0,5.4,4,0,home_care,-0.0,fine,0
A00184,P0060,2025-04-04,38,1,5.9,4,1,home,1.02,fine,0
A01443,P0498,2025-04-04,58,3,4.7,12,3,home,,no_answer,1
A02418,P0833,2025-04-04,82,5,3.3,7,3,home,2.0,readmitted,1
A00004,P0002,2025-04-04,70,2,5.4,9,1,home_care,1.24,fine,0
A00268,P0090,2025-04-04,21,2,2.0,7,0,home_care,1.55,fine,0
A02457,P0847,2025-04-04,74,1,2.5,7,0,home,,fine,0
A01342,P0461,2025-04-04,43,1,14.4,2,0,home,1.52,no_answer,0
A00180,P0057,2025-04-04,66,2,8.4,8,3,home_care,,fine,0
A01200,P0409,2025-04-04,62,3,2.4,7,2,home,1.5,fine,0
A01941,P0675,2025-04-04,23,3,6.5,6,2,home,1.83,fine,0
A01218,P0416,2025-04-05,87,1,2.9,3,3,home_care,1.61,fine,0
A01120,P0383,2025-04-05,61,1,10.4,8,0,home_care,1.68,readmitted,1
A01567,P0545,2025-04-05,51,4,4.8,10,4,home,,fine,0
A00221,P0075,2025-04-05,18,1,3.6,7,0,home,1.29,no_answer,0
A01918,P0663,2025-04-05,52,3,8.7,12,3,home_care,1.4,fine,0
A01182,P0404,2025-04-05,34,1,4.7,4,1,nursing_facility,1.63,fine,0
A02208,P0761,2025-04-05,21,1,4.6,7,1,home,1.21,readmitted,0
A00237,P0080,2025-04-06,59,0,5.0,4,0,home,,fine,0
A00230,P0077,2025-04-06,81,3,4.7,7,1,home,1.63,fine,0
A01210,P0412,2025-04-06,36,0,5.3,5,0,nursing_facility,,fine,0
A00957,P0327,2025-04-06,26,3,3.5,14,1,home_care,,fine,0
A02472,P0851,2025-04-07,91,4,1.2,10,0,home_care,1.0,no_answer,0
A01127,P0386,2025-04-07,41,3,5.6,10,2,home,1.92,fine,0
A00125,P0041,2025-04-07,34,1,9.5,6,1,home_care,0.9,no_answer,0
A00575,P0190,2025-04-07,52,3,7.0,13,3,home,,fine,0
A02036,P0707,2025-04-07,56,3,1.5,11,0,home,1.87,no_answer,0
A02353,P0809,2025-04-07,25,2,1.2,6,1,home,,fine,0
A00034,P0012,2025-04-08,88,2,6.6,7,2,home,,fine,0
A00945,P0322,2025-04-08,41,4,5.0,4,0,nursing_facility,,no_answer,0
A00576,P0190,2025-04-08,52,3,9.3,1,2,home_care,1.73,fine,0
A00619,P0208,2025-04-08,51,2,4.4,4,1,home,,readmitted,1
A02212,P0762,2025-04-08,76,2,2.5,4,2,nursing_facility,,fine,0
A00903,P0308,2025-04-08,28,4,6.4,9,0,nursing_facility,1.26,no_answer,0
A00006,P0003,2025-04-08,87,3,3.5,8,1,home,1.36,no_answer,1
A01811,P0627,2025-04-09,73,5,4.9,10,3,home,2.2,fine,0
A00059,P0018,2025-04-09,27,3,1.7,8,4,home_care,,fine,0
A00515,P0172,2025-04-09,62,4,4.7,10,0,home,,fine,0
A02332,P0804,2025-04-09,63,1,2.4,6,1,nursing_facility,1.3,readmitted,1
A00996,P0342,2025-04-09,36,4,3.4,10,1,nursing_facility,1.54,fine,0
A00612,P0206,2025-04-09,24,2,1.5,7,0,home,,fine,0
A00029,P0011,2025-04-09,85,4,9.1,8,3,nursing_facility,1.31,readmitted,1
A01026,P0353,2025-04-10,76,0,7.0,4,0,home,,fine,0
A00412,P0139,2025-04-10,34,1,3.9,5,1,home,1.18,fine,0
A01800,P0623,2025-04-10,47,0,4.6,1,1,home,0.87,fine,0
A00390,P0131,2025-04-10,36,2,1.1,7,1,home,1.81,fine,0
A02093,P0724,2025-04-10,77,4,4.7,7,1,home,1.32,no_answer,0
A00491,P0162,2025-04-10,75,1,1.2,8,2,home,,fine,0
A00572,P0189,2025-04-10,42,5,3.7,11,2,home,,no_answer,0
A00931,P0318,2025-04-10,31,1,2.7,7,1,home,1.29,no_answer,0
A00463,P0154,2025-04-11,64,1,3.8,7,1,home,1.6,fine,0
A01591,P0551,2025-04-11,72,0,6.5,3,0,home,,no_answer,1
A00879,P0299,2025-04-11,91,2,1.0,12,1,home,,no_answer,0
A01963,P0682,2025-04-11,48,1,4.3,7,0,home_care,1.04,fine,0
A02480,P0854,2025-04-11,54,3,9.4,11,5,nursing_facility,1.26,no_answer,0
A00956,P0327,2025-04-11,26,3,8.3,10,2,nursing_facility,1.31,fine,0
A00850,P0290,2025-04-11,73,4,5.8,18,0,home,1.67,no_answer,1
A01610,P0557,2025-04-11,77,1,6.4,8,2,nursing_facility,,fine,0
A00793,P0268,2025-04-11,24,1,3.0,2,3,home,0.92,no_answer,0
A02256,P0776,2025-04-11,78,1,10.0,6,2,home,,readmitted,1
A01750,P0608,2025-04-12,42,5,2.0,6,1,home_care,1.68,fine,0
A01303,P0446,2025-04-12,47,2,1.9,11,3,home,1.12,readmitted,1
A00483,P0160,2025-04-12,61,0,1.0,5,0,home,0.89,no_answer,0
A02277,P0782,2025-04-12,40,0,1.4,6,0,home,,fine,0
A01685,P0584,2025-04-12,22,5,10.7,10,3,home_care,1.5,no_answer,0
A00844,P0287,2025-04-13,85,2,4.4,6,1,home,0.91,readmitted,1
A01718,P0595,2025-04-13,82,1,5.4,3,0,home,,fine,0
A01876,P0649,2025-04-13,88,1,1.3,6,1,home,,fine,0
A02293,P0789,2025-04-13,41,4,1.0,11,1,home,1.57,fine,0
A02328,P0804,2025-04-13,63,1,4.8,6,2,nursing_facility,,no_answer,0
A00115,P0038,2025-04-13,44,1,4.6,10,0,home_care,1.06,no_answer,0
A00810,P0272,2025-04-14,33,1,2.2,7,1,home,0.95,fine,0
A00209,P0072,2025-04-14,73,1,6.7,5,2,home,1.07,fine,0
A00585,P0194,2025-04-14,73,1,2.0,4,0,home,1.04,fine,0
A00900,P0307,2025-04-14,73,0,5.8,2,0,nursing_facility,,no_answer,0
A00780,P0262,2025-04-14,84,3,1.4,10,2,home,,readmitted,1
A00939,P0320,2025-04-14,54,2,4.8,6,2,nursing_facility,,readmitted,1
A01381,P0475,2025-04-14,34,2,4.9,7,1,home,1.31,no_answer,0
A02333,P0805,2025-04-14,29,2,1.3,8,2,home,,fine,0
A01704,P0590,2025-04-14,49,3,7.8,10,2,home,,fine,0
A01990,P0691,2025-04-15,94,0,1.2,6,0,home_care,1.01,fine,0
A02319,P0798,2025-04-15,82,0,6.9,3,0,home_care,0.38,fine,0
A00142,P0046,2025-04-15,26,6,3.3,9,2,home,,fine,0
A01734,P0602,2025-04-15,33,1,2.8,7,3,home,1.43,readmitted,1
A01838,P0638,2025-04-15,20,0,4.1,3,0,home,1.16,no_answer,0
A02279,P0782,2025-04-15,40,0,1.1,6,0,home,1.18,no_answer,0
A02422,P0834,2025-04-15,73,2,4.1,6,1,home,1.36,no_answer,0
A01819,P0630,2025-04-15,20,1,7.5,8,0,nursing_facility,,fine,0
A00569,P0188,2025-04-15,54,2,5.9,5,0,nursing_facility,1.73,fine,0
A02315,P0796,2025-04-16,48,0,9.3,3,0,home,0.52,fine,0
A01079,P0369,2025-04-16,88,3,2.5,8,1,home,1.79,fine,0
A02094,P0724,2025-04-16,77,4,1.1,8,3,home_care,2.59,fine,0
A02471,P0851,2025-04-16,91,4,8.8,10,5,nursing_facility,1.56,readmitted,1
A01809,P0626,2025-04-16,19,1,4.8,2,1,home,1.18,fine,0
A00073,P0024,2025-04-16,73,1,5.3,5,1,home,,fine,0
A01441,P0498,2025-04-16,58,3,2.1,8,2,home,,fine,0
A00255,P0084,2025-04-16,32,1,8.5,7,0,home,1.13,fine,0
A00147,P0047,2025-04-16,21,3,6.5,10,2,home,1.4,fine,0
A01539,P0534,2025-04-16,74,1,1.0,7,0,home,,fine,0
A02165,P0746,2025-04-17,92,2,1.0,7,3,home,,fine,1
A02595,P0890,2025-04-17,75,2,7.8,3,0,nursing_facility,1.67,readmitted,1
A01399,P0482,2025-04-17,30,1,1.0,7,2,home_care,1.1,fine,0
A00834,P0282,2025-04-17,62,2,2.2,2,1,home_care,,readmitted,1
A01313,P0450,2025-04-17,79,1,6.7,4,1,home,0.98,no_answer,0
A01134,P0387,2025-04-17,63,1,1.0,4,1,nursing_facility,1.55,no_answer,0
A00287,P0096,2025-04-17,73,2,8.4,7,5,home_care,1.25,fine,0
A01101,P0375,2025-04-17,19,0,2.1,4,0,home_care,,no_answer,0
A02162,P0745,2025-04-18,93,0,2.3,4,0,nursing_facility,0.86,fine,0
A02596,P0890,2025-04-18,75,2,1.0,6,0,nursing_facility,,no_answer,0
A01448,P0501,2025-04-18,46,1,3.4,7,2,home_care,,readmitted,1
A02512,P0864,2025-04-18,91,0,5.9,5,0,home,,readmitted,1
A00127,P0042,2025-04-18,83,3,5.3,7,0,home,1.46,no_answer,0
A00437,P0147,2025-04-18,68,1,5.6,5,0,home_care,,no_answer,0
A02407,P0831,2025-04-18,71,2,9.1,6,0,nursing_facility,1.47,readmitted,1
A00460,P0153,2025-04-18,90,0,7.0,7,1,home,,fine,0
A01461,P0506,2025-04-18,72,2,2.9,5,1,nursing_facility,0.94,no_answer,0
A00360,P0122,2025-04-18,52,3,11.2,11,3,nursing_facility,1.69,fine,0
A00531,P0176,2025-04-19,93,2,4.5,7,0,nursing_facility,1.06,readmitted,1
A00917,P0313,2025-04-19,43,2,6.8,7,2,home,1.44,fine,0
A00887,P0302,2025-04-19,78,3,3.8,7,2,nursing_facility,1.41,no_answer,0
A00468,P0155,2025-04-19,87,1,2.2,1,0,home,1.17,fine,0
A01653,P0571,2025-04-19,32,3,1.5,11,0,home,1.32,no_answer,0
A00048,P0016,2025-04-19,28,4,2.8,7,0,home_care,1.32,no_answer,0
A00656,P0220,2025-04-20,58,3,4.5,10,5,home_care,1.34,no_answer,1
A02578,P0885,2025-04-20,33,1,6.0,10,1,home,1.15,fine,0
A00951,P0326,2025-04-20,63,4,5.8,10,2,home,,readmitted,1
A00640,P0214,2025-04-20,39,0,4.0,2,1,home,0.5,fine,0
A01925,P0667,2025-04-20,32,1,6.8,6,1,home,,no_answer,0
A02116,P0730,2025-04-20,55,1,9.0,4,0,home_care,,fine,0
A01379,P0475,2025-04-20,34,2,7.1,12,1,home,0.97,no_answer,0
A00707,P0240,2025-04-20,92,3,5.6,12,2,home,,fine,0
A00924,P0316,2025-04-20,74,1,3.5,6,2,home,,fine,0
A02146,P0740,2025-04-21,37,5,4.5,8,2,home_care,2.26,fine,0
A02326,P0802,2025-04-21,82,2,12.5,7,1,home,0.81,no_answer,0
A01222,P0416,2025-04-21,87,1,12.1,6,0,nursing_facility,0.92,fine,0
A00891,P0303,2025-04-21,80,1,3.7,9,1,home,0.89,fine,0
A01770,P0613,2025-04-21,47,0,9.8,2,2,home,1.17,readmitted,0
A01768,P0612,2025-04-21,29,1,2.6,6,0,home_care,,no_answer,0
A00874,P0298,2025-04-21,59,5,1.0,12,3,home,1.44,readmitted,1
A02526,P0868,2025-04-22,20,3,4.2,6,5,home,1.91,fine,0
A02141,P0738,2025-04-22,47,2,1.7,8,4,home,,no_answer,0
A00442,P0148,2025-04-22,59,0,1.6,5,0,home,,fine,0
A01904,P0659,2025-04-22,31,5,5.3,10,2,home,,fine,0
A01524,P0529,2025-04-22,28,1,13.9,6,1,home,1.12,fine,0
A00689,P0233,2025-04-22,80,1,6.5,11,4,home,1.33,no_answer,0
A00113,P0037,2025-04-22,65,1,3.2,7,0,home,0.88,fine,0
A00475,P0157,2025-04-22,61,1,5.2,8,1,home,,no_answer,0
A00119,P0039,2025-04-22,94,2,3.4,9,0,home_care,0.99,fine,0
A01201,P0409,2025-04-22,62,3,10.9,5,3,home,,fine,1
A01145,P0391,2025-04-23,70,1,1.7,9,0,home,0.95,fine,0
A01065,P0366,2025-04-23,86,1,2.4,6,2,home_care,1.17,no_answer,0
A02323,P0801,2025-04-23,43,2,12.6,6,1,nursing_facility,1.43,fine,0
A02433,P0838,2025-04-23,50,1,8.3,8,0,home_care,1.35,no_answer,0
A01705,P0590,2025-04-23,49,3,2.8,12,2,home,1.66,fine,0
A02160,P0743,2025-04-23,26,2,7.1,11,0,nursing_facility,,fine,0
A01820,P0630,2025-04-23,20,1,3.1,5,2,home,0.87,fine,0
A02372,P0818,2025-04-24,63,4,9.7,9,2,home,,no_answer,0
A00693,P0235,2025-04-24,28,3,6.1,5,3,nursing_facility,1.46,readmitted,1
A00071,P0023,2025-04-24,39,2,1.0,9,1,home,,fine,0
A00942,P0321,2025-04-25,34,1,3.9,5,0,nursing_facility,0.91,no_answer,0
A02301,P0792,2025-04-25,24,4,1.0,8,3,home,1.41,readmitted,1
A02167,P0747,2025-04-25,90,5,4.7,14,1,home,,no_answer,1
A00403,P0136,2025-04-25,49,2,5.7,5,0,home,,fine,0
A00977,P0335,2025-04-25,68,5,2.1,8,1,home_care,,fine,0
A00247,P0083,2025-04-25,85,0,2.2,6,0,home,,fine,0
A00271,P0091,2025-04-25,75,2,5.6,7,2,home,,fine,0
A01184,P0404,2025-04-25,34,1,5.2,6,1,home,1.29,fine,0
A02305,P0793,2025-04-26,76,3,7.2,9,4,home_care,1.76,fine,0
A00213,P0073,2025-04-26,46,1,9.0,5,1,home,,no_answer,0
A02039,P0708,2025-04-26,82,1,10.1,5,0,nursing_facility,0.98,fine,0
A02169,P0747,2025-04-26,90,5,1.7,16,2,home,,readmitted,1
A00984,P0337,2025-04-26,41,1,8.7,5,2,home,1.26,readmitted,1
A00087,P0028,2025-04-26,54,2,4.1,9,4,home,,fine,0
A02498,P0860,2025-04-26,89,2,6.6,7,3,home_care,1.54,fine,0
A00170,P0054,2025-04-27,80,4,4.4,9,2,home,,fine,0
A02387,P0824,2025-04-27,81,3,13.5,16,1,home,,no_answer,0
A01378,P0475,2025-04-27,34,2,3.5,8,3,home,1.37,fine,0
A01699,P0589,2025-04-27,73,1,7.2,5,0,home,0.87,fine,0
A01738,P0603,2025-04-27,32,4,4.6,9,4,home,1.61,fine,0
A00562,P0186,2025-04-27,76,1,4.1,5,1,home,,fine,0
A02522,P0867,2025-04-27,60,1,1.9,3,1,nursing_facility,0.81,fine,0
A01780,P0618,2025-04-27,44,3,1.4,9,4,home,,fine,0
A00346,P0116,2025-04-27,62,2,1.0,4,2,home,,readmitted,1
A01605,P0556,2025-04-27,23,1,8.5,6,1,home,0.99,no_answer,0
A01264,P0432,2025-04-28,69,1,4.4,6,0,home,,fine,0
A01658,P0574,2025-04-28,75,5,3.5,10,4,home,,readmitted,1
A02325,P0801,2025-04-28,43,2,1.7,6,0,home,0.93,fine,0
A00158,P0049,2025-04-28,20,4,4.3,13,0,home_care,1.86,fine,0
A00997,P0343,2025-04-28,66,2,7.1,7,0,home,0.42,fine,0
A01730,P0601,2025-04-28,67,1,1.3,4,2,home,1.05,fine,0
A01986,P0691,2025-04-28,94,0,2.4,4,0,home,0.91,no_answer,0
A00649,P0218,2025-04-28,87,3,10.0,12,3,home,1.41,fine,0
A01793,P0621,2025-04-29,59,3,8.0,9,2,home,1.79,fine,0
A00121,P0040,2025-04-29,53,2,1.0,9,0,home,1.59,no_answer,0
A00284,P0095,2025-04-29,59,1,4.3,7,3,home,0.92,no_answer,1
A00659,P0221,2025-04-29,76,3,2.5,11,4,nursing_facility,1.41,fine,0
A02227,P0767,2025-04-29,23,0,5.0,8,0,home,1.25,fine,0
A01488,P0516,2025-04-29,77,3,5.0,11,4,home_care,1.74,fine,0
A01622,P0562,2025-04-29,43,0,1.3,3,2,home_care,1.19,fine,0
A01774,P0615,2025-04-29,50,2,1.7,4,0,home_care,1.49,readmitted,0
A00175,P0056,2025-04-30,81,2,3.1,9,2,home_care,,no_answer,0
A01322,P0452,2025-04-30,52,3,7.7,7,3,home_care,1.04,no_answer,0
A00769,P0258,2025-04-30,48,3,8.2,9,1,home,0.82,fine,0
A00595,P0200,2025-05-01,50,0,13.7,7,1,home,1.13,fine,0
A00138,P0045,2025-05-01,65,1,1.4,6,0,home_care,1.89,no_answer,0
A01447,P0500,2025-05-01,41,1,3.2,4,0,home,1.18,readmitted,1
A00664,P0223,2025-05-01,88,1,2.2,7,1,home,,no_answer,0
A01678,P0581,2025-05-01,27,3,10.2,7,0,home_care,1.55,fine,0
A02150,P0741,2025-05-01,28,0,5.5,5,0,home,0.73,fine,0
A02203,P0759,2025-05-01,88,2,2.7,7,1,home,1.29,no_answer,0
A01523,P0529,2025-05-01,28,1,3.5,4,0,home,1.27,fine,0
A01205,P0411,2025-05-01,21,2,2.8,13,1,nursing_facility,0.54,no_answer,0
A01500,P0519,2025-05-01,41,4,5.0,7,4,home,1.45,no_answer,0
A00398,P0133,2025-05-01,48,0,2.2,7,1,home,1.09,fine,0
A00474,P0157,2025-05-02,61,1,1.0,11,1,home,,no_answer,0
A02065,P0715,2025-05-02,55,2,3.3,3,1,home,,fine,0
A01312,P0450,2025-05-02,79,1,1.0,5,0,home,,fine,0
A00373,P0126,2025-05-02,91,2,3.4,7,1,nursing_facility,0.77,fine,0
A00126,P0041,2025-05-02,34,1,5.4,8,2,home,1.38,fine,0
A01921,P0665,2025-05-02,75,1,6.1,7,2,home,0.51,fine,0
A01311,P0449,2025-05-02,64,1,4.5,4,1,home,,fine,0
A01949,P0678,2025-05-02,29,4,5.7,8,3,home_care,1.46,no_answer,0
A00803,P0271,2025-05-02,52,0,1.8,10,0,nursing_facility,1.16,fine,0
A01511,P0523,2025-05-02,76,0,3.9,1,0,home,1.06,no_answer,0
A00860,P0293,2025-05-03,23,1,8.3,5,1,home,1.12,no_answer,0
A00362,P0122,2025-05-03,52,3,5.1,7,2,home_care,,no_answer,0
A00041,P0014,2025-05-03,56,2,4.5,2,2,nursing_facility,1.61,fine,0
A00611,P0205,2025-05-03,50,1,5.7,5,2,home,1.11,fine,0
A01773,P0615,2025-05-03,50,2,7.8,5,1,home_care,1.64,readmitted,0
A00168,P0054,2025-05-03,80,4,1.3,10,1,home,,fine,0
A01411,P0487,2025-05-03,68,0,6.6,2,0,home,,fine,0
A01569,P0545,2025-05-03,51,4,2.1,13,1,home_care,,no_answer,0
A00241,P0081,2025-05-03,38,2,9.4,10,1,home,0.46,fine,0
A01081,P0370,2025-05-03,40,0,4.9,6,1,home,,readmitted,1
A00783,P0264,2025-05-03,93,2,4.9,6,1,home,1.22,no_answer,0
A00273,P0092,2025-05-03,54,1,7.6,3,0,home,1.22,fine,0
A00890,P0303,2025-05-03,80,1,3.1,8,0,home,,fine,0
A01271,P0435,2025-05-04,79,2,25.8,8,1,home,,fine,0
A00462,P0154,2025-05-04,64,1,1.0,4,0,home_care,1.23,fine,0
A01384,P0476,2025-05-04,30,2,8.9,8,2,home,,readmitted,1
A00695,P0235,2025-05-04,28,3,1.0,7,0,home,1.41,fine,0
A01088,P0372,2025-05-04,31,1,7.0,11,3,home_care,,no_answer,0
A01537,P0534,2025-05-04,74,1,3.1,4,0,nursing_facility,,fine,0
A01596,P0552,2025-05-04,52,2,20.2,8,1,home,0.84,fine,0
A02229,P0768,2025-05-04,57,0,2.6,4,0,home,,no_answer,0
A01132,P0387,2025-05-04,63,1,1.5,2,0,nursing_facility,,fine,0
A02082,P0720,2025-05-04,83,4,1.8,7,5,home_care,1.23,fine,0
A02025,P0704,2025-05-04,50,0,7.6,4,0,home,,no_answer,0
A00947,P0323,2025-05-05,88,2,1.4,6,0,home,1.04,readmitted,0
A00206,P0071,2025-05-05,33,1,6.5,9,2,home_care,0.94,no_answer,0
A01009,P0347,2025-05-05,32,4,6.1,9,2,home,1.83,no_answer,0
A01246,P0427,2025-05-05,66,0,19.6,7,0,home,1.14,fine,0
A00967,P0331,2025-05-05,54,2,2.2,9,4,home,1.28,fine,0
A01845,P0640,2025-05-05,89,0,1.0,4,1,nursing_facility,1.15,fine,0
A02588,P0888,2025-05-05,57,1,3.0,14,0,home,,fine,0
A01304,P0446,2025-05-06,47,2,1.0,5,1,home,,no_answer,0
A01021,P0351,2025-05-06,49,4,2.0,4,7,home_care,1.41,fine,1
A01507,P0522,2025-05-06,33,2,3.3,9,4,home,1.74,fine,0
A02468,P0851,2025-05-06,91,4,1.0,3,1,home,1.2,fine,0
A00395,P0132,2025-05-06,22,2,6.7,3,2,home,1.39,fine,0
A02524,P0868,2025-05-06,20,3,3.5,9,2,home,,fine,0
A02344,P0808,2025-05-07,39,1,7.4,6,0,home,2.12,fine,0
A00781,P0263,2025-05-07,62,3,1.0,12,1,home,1.76,fine,0
A00012,P0006,2025-05-07,82,3,5.6,7,2,home,1.16,no_answer,0
A01877,P0650,2025-05-07,37,1,2.3,6,1,home,,fine,0
A01156,P0395,2025-05-07,41,3,1.5,10,1,home,,fine,0
A02367,P0816,2025-05-08,25,0,9.9,9,0,home,0.84,fine,0
A02087,P0722,2025-05-08,38,0,1.2,3,0,home,0.88,fine,0
A00178,P0057,2025-05-08,66,2,4.0,7,2,home,1.48,no_answer,0
A00085,P0028,2025-05-08,54,2,2.7,5,1,nursing_facility,1.0,fine,0
A00651,P0219,2025-05-08,57,2,1.3,5,2,home,,readmitted,1
A00017,P0008,2025-05-08,22,1,2.9,4,2,home,,no_answer,0
A00317,P0107,2025-05-08,47,1,2.1,4,1,home,,no_answer,0
A00642,P0216,2025-05-08,84,2,3.0,6,1,home,1.07,fine,0
A00499,P0164,2025-05-08,36,1,1.4,7,2,home,,fine,0
A02445,P0842,2025-05-09,58,1,3.7,2,1,nursing_facility,0.69,fine,0
A00215,P0074,2025-05-09,55,3,16.2,7,4,home,1.64,readmitted,0
A00592,P0197,2025-05-09,20,3,3.9,2,2,home_care,1.05,fine,0
A00303,P0102,2025-05-09,67,3,7.3,8,2,home,1.88,no_answer,0
A02495,P0859,2025-05-09,58,0,1.0,4,2,home_care,0.82,fine,0
A01192,P0408,2025-05-09,76,1,2.9,6,2,nursing_facility,0.28,no_answer,0
A02565,P0882,2025-05-09,42,1,3.2,9,1,home,,no_answer,0
A02316,P0796,2025-05-10,48,0,6.2,8,0,home_care,1.3,fine,0
A00465,P0154,2025-05-10,64,1,5.3,6,2,home,,no_answer,0
A01549,P0536,2025-05-10,82,2,8.2,5,0,nursing_facility,,readmitted,1
A01419,P0490,2025-05-10,63,4,5.6,13,4,home,1.55,no_answer,0
A02374,P0819,2025-05-10,79,0,2.4,2,0,home,1.16,no_answer,0
A01612,P0559,2025-05-10,81,0,3.7,3,0,nursing_facility,0.75,no_answer,1
A01003,P0344,2025-05-10,49,1,4.3,5,2,home,,fine,0
A00859,P0293,2025-05-10,23,1,9.6,6,3,home,,fine,0
A00258,P0087,2025-05-11,83,4,3.4,8,3,home_care,1.59,readmitted,1
A01966,P0682,2025-05-11,48,1,5.2,10,1,nursing_facility,1.14,no_answer,0
A01044,P0359,2025-05-11,26,3,4.8,8,1,home,1.6,fine,0
A01695,P0588,2025-05-11,27,0,3.6,5,0,nursing_facility,,fine,0
A01162,P0397,2025-05-11,90,2,8.3,2,4,home_care,0.79,fine,0
A00639,P0214,2025-05-11,39,0,3.5,4,1,home_care,0.34,fine,0
A00920,P0314,2025-05-11,65,0,2.8,7,0,home,1.05,fine,0
A02152,P0742,2025-05-11,44,2,4.8,2,1,home,1.19,no_answer,0
A01725,P0599,2025-05-11,48,1,4.6,8,1,nursing_facility,1.6,no_answer,1
A02224,P0767,2025-05-12,23,0,2.2,3,0,home,0.67,fine,0
A00256,P0085,2025-05-12,57,0,3.9,7,0,home,,fine,0
A01817,P0629,2025-05-12,47,3,11.1,8,1,home_care,1.35,fine,0
A00553,P0183,2025-05-12,85,1,3.7,7,2,home,1.14,readmitted,1
A01128,P0386,2025-05-12,41,3,3.2,5,3,home,,no_answer,0
A00409,P0138,2025-05-13,91,0,1.6,8,0,nursing_facility,0.79,readmitted,1
A01847,P0641,2025-05-13,94,1,3.4,5,1,home,1.27,fine,0
A02230,P0768,2025-05-13,57,0,5.2,3,1,home,1.04,fine,0
A00270,P0090,2025-05-14,21,2,5.0,4,1,nursing_facility,1.16,fine,0
A00704,P0239,2025-05-14,80,1,5.0,6,0,home,1.15,fine,0
A02539,P0872,2025-05-14,88,2,4.5,12,2,nursing_facility,1.68,no_answer,1
A00389,P0131,2025-05-14,36,2,2.3,9,1,home,1.4,fine,0
A01364,P0469,2025-05-14,30,0,3.5,2,1,nursing_facility,,no_answer,0
A00807,P0272,2025-05-15,33,1,2.2,1,2,home,,fine,0
A02324,P0801,2025-05-15,43,2,4.3,3,2,home,1.24,fine,0
A00336,P0114,2025-05-15,48,3,3.2,3,4,home,,fine,0
A02510,P0863,2025-05-15,24,1,3.9,5,1,home,1.29,fine,0
A00574,P0190,2025-05-15,52,3,12.3,7,3,nursing_facility,1.59,readmitted,0
A00329,P0111,2025-05-15,29,2,3.7,10,1,home,1.3,no_answer,0
A02347,P0808,2025-05-15,39,1,2.3,4,0,home,,fine,0
A01899,P0658,2025-05-15,31,2,4.6,6,2,home,1.65,readmitted,0
A01913,P0662,2025-05-15,91,0,2.5,8,1,home,,fine,0
A02181,P0751,2025-05-15,92,2,4.1,11,2,home_care,0.78,no_answer,0
A00098,P0033,2025-05-15,94,0,1.2,5,0,home,,fine,0
A01356,P0465,2025-05-15,84,1,2.5,7,0,home,1.28,fine,0
A02437,P0840,2025-05-16,21,2,1.0,3,3,home,0.89,fine,0
A00821,P0278,2025-05-16,87,0,1.6,2,1,home,,fine,0
A00466,P0154,2025-05-16,64,1,2.7,15,1,home,,fine,0
A01996,P0693,2025-05-16,86,2,1.4,10,2,home,,no_answer,0
A02243,P0772,2025-05-16,83,0,2.7,5,0,nursing_facility,1.5,fine,0
A00949,P0324,2025-05-16,80,2,5.5,6,1,home,,fine,0
A01462,P0506,2025-05-16,72,2,6.1,7,0,nursing_facility,0.78,no_answer,0
A00557,P0185,2025-05-16,54,2,1.0,10,1,home,1.23,fine,0
A01278,P0436,2025-05-17,41,1,1.1,5,1,home,,no_answer,0
A02516,P0865,2025-05-17,61,2,2.5,6,0,home_care,1.41,fine,0
A02419,P0833,2025-05-17,82,5,5.0,6,0,nursing_facility,1.55,readmitted,1
A01832,P0634,2025-05-17,45,1,6.3,11,2,home_care,1.02,fine,0
A01412,P0487,2025-05-17,68,0,15.2,5,1,home,0.86,no_answer,0
A02439,P0841,2025-05-17,60,1,2.7,7,0,home_care,1.36,fine,0
A01974,P0685,2025-05-17,73,4,11.1,9,2,home_care,1.47,readmitted,1
A01432,P0494,2025-05-17,32,2,4.5,4,0,home,1.52,fine,0
A01623,P0562,2025-05-17,43,0,2.0,10,1,home_care,1.08,fine,0
A01361,P0467,2025-05-18,86,3,5.1,7,2,home_care,1.62,no_answer,1
A00910,P0311,2025-05-18,92,3,5.4,7,2,home,1.35,fine,0
A00309,P0105,2025-05-18,22,1,4.7,8,2,home,,fine,0
A02517,P0865,2025-05-18,61,2,1.0,9,1,home,0.66,fine,0
A01932,P0671,2025-05-18,34,3,10.6,11,3,nursing_facility,1.28,fine,0
A00961,P0329,2025-05-18,64,3,1.1,11,3,nursing_facility,,fine,0
A02104,P0727,2025-05-18,57,0,2.2,6,0,home_care,1.53,fine,0
A01744,P0605,2025-05-18,76,0,3.5,6,0,home,1.27,fine,0
A01446,P0499,2025-05-19,47,3,2.6,4,2,home,1.56,no_answer,0
A01191,P0407,2025-05-19,32,2,5.5,5,1,home,1.2,no_answer,0
A00345,P0116,2025-05-19,62,2,2.0,7,0,home,,readmitted,1
A00099,P0033,2025-05-19,94,0,17.0,4,0,home,0.96,fine,0
A01302,P0446,2025-05-19,47,2,7.1,11,1,home,0.97,readmitted,1
A01481,P0514,2025-05-19,44,2,6.6,7,3,home_care,1.2,fine,0
A02463,P0849,2025-05-19,19,2,3.4,2,3,home_care,,fine,0
A00549,P0183,2025-05-20,85,1,4.8,4,3,nursing_facility,1.14,fine,0
A01776,P0616,2025-05-20,54,4,3.8,7,4,home,1.42,fine,1
A02035,P0707,2025-05-20,56,3,1.0,5,6,home,1.75,fine,0
A00660,P0221,2025-05-20,76,3,11.1,5,4,nursing_facility,,fine,0
A00716,P0241,2025-05-20,19,4,9.1,11,5,home,1.29,fine,0
A02124,P0733,2025-05-20,48,2,6.8,7,3,home,0.9,fine,0
A00295,P0099,2025-05-20,85,1,2.5,6,2,home,,readmitted,0
A01762,P0610,2025-05-20,33,2,8.1,3,2,home_care,0.54,fine,0
A00488,P0161,2025-05-21,32,4,2.0,8,2,home_care,1.07,fine,0
A01742,P0604,2025-05-21,85,1,5.5,4,0,home,1.09,fine,0
A00430,P0145,2025-05-21,85,0,2.8,5,0,home,1.06,readmitted,0
A02416,P0832,2025-05-21,36,4,1.3,9,2,home,1.69,fine,0
A02484,P0855,2025-05-21,49,1,8.7,3,2,home,,fine,0
A00410,P0139,2025-05-21,34,1,2.5,6,1,home,1.41,fine,0
A00160,P0050,2025-05-21,28,1,4.4,6,5,home,0.82,fine,0
A01756,P0609,2025-05-22,73,3,9.7,10,3,home,,readmitted,1
A01387,P0477,2025-05-22,61,2,3.2,10,3,home,1.17,readmitted,1
A02112,P0729,2025-05-22,66,1,2.4,7,2,home,1.01,fine,0
A02500,P0860,2025-05-22,89,2,4.4,4,0,nursing_facility,,no_answer,0
A02428,P0836,2025-05-22,52,1,3.1,5,2,home,,fine,0
A00377,P0128,2025-05-23,61,0,3.1,5,0,home,,fine,0
A02117,P0731,2025-05-23,59,6,3.1,8,3,home,,readmitted,1
A02538,P0872,2025-05-23,88,2,7.7,4,1,home_care,1.16,readmitted,1
A01632,P0566,2025-05-23,35,1,3.3,7,1,nursing_facility,0.96,fine,0
A00607,P0204,2025-05-23,74,1,4.9,7,1,home_care,1.03,fine,0
A00928,P0317,2025-05-23,33,3,2.5,6,2,home_care,1.57,no_answer,0
A00980,P0337,2025-05-23,41,1,3.7,7,2,home,0.69,no_answer,0
A01856,P0644,2025-05-23,44,2,7.3,5,2,home,,no_answer,0
A01103,P0375,2025-05-23,19,0,1.0,7,1,home,,fine,0
A00062,P0020,2025-05-24,80,2,3.1,7,0,home,,no_answer,0
A00114,P0038,2025-05-24,44,1,3.2,2,1,home_care,1.21,fine,0
A00076,P0024,2025-05-24,73,1,5.9,6,3,home_care,0.82,no_answer,0
A02158,P0743,2025-05-24,26,2,1.0,7,2,home_care,,no_answer,0
A02048,P0710,2025-05-25,30,2,4.6,12,1,home,1.52,no_answer,0
A00719,P0242,2025-05-25,84,5,2.8,9,3,home_care,,readmitted,1
A00283,P0095,2025-05-25,59,1,4.6,6,3,home,1.39,readmitted,1
A00066,P0021,2025-05-25,41,2,11.9,5,2,home,,fine,0
A02034,P0707,2025-05-26,56,3,3.3,6,1,home,1.11,fine,0
A01231,P0420,2025-05-26,62,3,3.8,10,0,home,,fine,0
A01157,P0396,2025-05-26,61,1,3.1,12,0,home_care,1.12,no_answer,0
A01310,P0448,2025-05-26,38,2,5.1,6,1,home,,fine,0
A00343,P0116,2025-05-26,62,2,4.6,5,3,home,,no_answer,0
A00103,P0034,2025-05-26,80,1,1.1,7,0,home,0.85,no_answer,0
A02541,P0873,2025-05-27,52,2,9.7,8,1,nursing_facility,,fine,0
A00862,P0293,2025-05-27,23,1,2.8,5,0,home,,fine,0
A01977,P0685,2025-05-27,73,4,1.9,7,1,home_care,,readmitted,1
A00647,P0217,2025-05-27,45,0,3.0,5,1,home,,fine,0
A01090,P0372,2025-05-27,31,1,5.5,7,0,home,0.99,no_answer,0
A00708,P0240,2025-05-27,92,3,1.8,10,2,home,1.62,fine,0
A01565,P0544,2025-05-27,19,2,1.0,8,0,home,,no_answer,0
A02581,P0887,2025-05-27,85,3,2.1,7,1,home,,fine,0
A01857,P0644,2025-05-27,44,2,4.8,8,1,home,1.27,no_answer,0
A02431,P0837,2025-05-28,69,0,3.5,8,1,home,,fine,0
A00559,P0185,2025-05-28,54,2,5.1,9,0,home,,fine,0
A01888,P0654,2025-05-28,70,0,3.6,10,1,home,1.05,fine,0
A01815,P0628,2025-05-28,77,3,1.0,11,3,nursing_facility,1.27,readmitted,1
A00511,P0169,2025-05-28,86,1,3.5,2,1,home,1.4,no_answer,0
A01396,P0481,2025-05-28,47,4,10.2,4,3,home,,fine,0
A00349,P0118,2025-05-28,48,0,3.8,2,1,home,0.99,readmitted,1
A01604,P0555,2025-05-28,74,4,3.8,9,2,home,,fine,0
A00710,P0240,2025-05-28,92,3,1.9,5,2,home,1.2,fine,0
A00792,P0267,2025-05-28,38,4,6.1,11,4,home,,fine,0
A02137,P0736,2025-05-28,32,1,1.9,5,0,home,1.2,fine,0
A00519,P0173,2025-05-29,61,2,1.0,5,0,home,1.74,fine,0
A01257,P0430,2025-05-29,41,2,3.1,9,4,home,,fine,0
A00672,P0227,2025-05-29,89,2,1.3,7,2,home_care,1.55,readmitted,1
A02341,P0807,2025-05-29,57,3,1.9,9,1,home,1.45,fine,0
A01039,P0357,2025-05-29,74,2,10.0,6,1,nursing_facility,1.36,fine,0
A01431,P0494,2025-05-30,32,2,3.1,8,0,home,0.97,fine,0
A02335,P0805,2025-05-30,29,2,3.4,7,4,home,1.54,fine,0
A00259,P0087,2025-05-30,83,4,2.3,5,3,home,1.27,readmitted,1
A00027,P0010,2025-05-30,39,2,5.2,9,1,home,,fine,0
A01125,P0384,2025-05-30,36,2,8.3,11,1,nursing_facility,1.07,fine,0
A01782,P0619,2025-05-30,83,0,4.0,2,1,home,,fine,0
A00216,P0074,2025-05-30,55,3,9.7,15,0,home,1.39,fine,0
A00644,P0216,2025-05-30,84,2,3.4,2,1,nursing_facility,0.99,fine,0
A00914,P0312,2025-05-30,40,3,7.0,10,2,home,,no_answer,0
A01437,P0495,2025-05-30,69,2,4.8,8,3,home,0.83,fine,0
A02489,P0856,2025-05-31,22,4,3.7,9,1,home,1.52,readmitted,1
A01198,P0409,2025-05-31,62,3,2.2,9,5,home,1.33,fine,0
A01959,P0680,2025-05-31,26,1,3.5,8,1,home,0.99,fine,0
A00842,P0285,2025-05-31,50,2,1.0,6,2,home,,fine,0
A02359,P0811,2025-05-31,92,2,6.6,10,2,home,0.86,no_answer,0
A01324,P0453,2025-05-31,68,1,9.2,9,3,home,0.97,no_answer,0
A01176,P0402,2025-05-31,51,3,6.9,5,0,home,1.27,fine,0
A00791,P0266,2025-05-31,28,1,1.4,8,1,home,1.62,fine,0
A00438,P0147,2025-06-01,68,1,10.0,9,3,nursing_facility,,fine,0
A02134,P0736,2025-06-01,32,1,3.3,3,1,home,0.97,fine,0
A01798,P0623,2025-06-01,47,0,8.6,5,0,home,,fine,0
A02022,P0703,2025-06-01,27,2,2.6,11,1,home,,fine,0
A02467,P0850,2025-06-01,68,3,2.5,10,3,home_care,1.97,fine,0
A02095,P0725,2025-06-02,39,1,7.7,7,0,home,,fine,0
A01927,P0668,2025-06-02,52,1,3.5,8,0,home_care,,fine,0
A00201,P0069,2025-06-02,71,2,13.2,6,3,home,,fine,0
A00288,P0096,2025-06-02,73,2,5.1,9,0,home,1.08,fine,0
A00869,P0296,2025-06-02,30,3,1.8,6,0,home,,fine,0
A00802,P0270,2025-06-02,34,6,5.2,8,4,home,1.48,no_answer,0
A01797,P0623,2025-06-02,47,0,2.4,2,1,home,0.58,fine,0
A00812,P0273,2025-06-02,93,3,6.8,4,4,nursing_facility,1.04,readmitted,1
A01458,P0505,2025-06-02,34,2,1.6,8,1,home,1.13,fine,0
A02576,P0885,2025-06-02,33,1,6.1,2,2,nursing_facility,,fine,0
A00745,P0251,2025-06-02,35,3,9.8,7,2,home,,no_answer,0
A01706,P0591,2025-06-02,94,3,5.0,8,1,home,1.21,fine,0
A01486,P0515,2025-06-03,75,1,13.7,7,1,home,,fine,0
A00408,P0138,2025-06-03,91,0,2.3,6,0,home,,no_answer,0
A02008,P0698,2025-06-03,22,4,5.9,10,1,home,1.89,fine,0
A01589,P0550,2025-06-03,41,1,4.2,5,0,home,1.29,fine,0
A01193,P0408,2025-06-03,76,1,5.0,7,1,nursing_facility,1.33,no_answer,0
A00596,P0200,2025-06-03,50,0,1.1,3,1,home,1.02,no_answer,0
A01111,P0378,2025-06-03,72,3,4.8,9,2,home,,fine,0
A00316,P0107,2025-06-03,47,1,5.0,3,0,nursing_facility,1.11,fine,0
A01417,P0490,2025-06-04,63,4,1.2,4,3,home,,fine,0
A01319,P0452,2025-06-04,52,3,1.0,11,5,home_care,1.54,fine,0
A00081,P0026,2025-06-04,94,3,8.4,7,1,home,,fine,0
A01394,P0481,2025-06-04,47,4,6.9,3,1,nursing_facility,,no_answer,0
A02528,P0868,2025-06-04,20,3,1.0,3,3,home_care,,fine,0
A00002,P0001,2025-06-04,66,2,1.0,5,2,home,,no_answer,0
A01068,P0367,2025-06-04,58,3,2.0,7,3,home,1.83,no_answer,1
A00124,P0040,2025-06-04,53,2,6.3,10,3,home,,fine,0
A00000,P0000,2025-06-05,90,3,4.3,10,1,home,,fine,0
A02487,P0856,2025-06-05,22,4,2.8,12,0,home,,fine,0
A02548,P0876,2025-06-05,23,1,5.8,5,2,home,,no_answer,0
A00698,P0237,2025-06-05,50,0,10.9,4,0,home_care,0.87,no_answer,0
A00814,P0274,2025-06-05,30,4,5.3,9,2,home_care,1.34,fine,0
A01553,P0539,2025-06-05,82,0,3.8,2,1,home,1.45,fine,0
A00811,P0273,2025-06-05,93,3,4.0,6,1,home,1.3,fine,0
A00583,P0193,2025-06-05,19,0,15.5,4,0,home_care,0.61,fine,0
A00567,P0187,2025-06-06,60,2,2.7,5,1,home_care,0.84,fine,0
A00623,P0209,2025-06-06,85,3,9.9,8,1,home,1.08,no_answer,0
A01546,P0536,2025-06-06,82,2,3.3,10,1,home,,fine,0
A01497,P0519,2025-06-06,41,4,3.2,7,2,home,,no_answer,0
A02005,P0697,2025-06-07,36,4,1.0,10,1,home,1.18,no_answer,0
A01846,P0641,2025-06-07,94,1,5.0,7,2,home,,fine,0
A00207,P0071,2025-06-07,33,1,4.0,7,2,home_care,1.23,no_answer,0
A02074,P0718,2025-06-07,30,2,5.3,3,2,home,1.53,fine,0
A00935,P0318,2025-06-07,31,1,5.5,6,0,nursing_facility,1.23,fine,0
A02354,P0810,2025-06-08,31,3,9.4,13,1,home,,no_answer,0
A01183,P0404,2025-06-08,34,1,4.3,8,0,home,0.96,fine,0
A02080,P0719,2025-06-08,69,2,1.1,9,0,home,1.66,fine,0
A00246,P0082,2025-06-08,92,2,13.5,5,1,nursing_facility,1.19,fine,0
A00839,P0283,2025-06-08,62,1,6.1,2,1,nursing_facility,1.69,no_answer,1
A00506,P0167,2025-06-08,31,0,4.1,2,0,home_care,1.45,fine,0
A00577,P0191,2025-06-08,75,2,14.6,8,1,home_care,1.73,fine,0
A01934,P0671,2025-06-08,34,3,1.2,8,2,home,1.63,fine,0
A00948,P0324,2025-06-08,80,2,1.0,7,1,home,1.53,fine,0
A00898,P0305,2025-06-08,70,1,3.9,7,2,nursing_facility,1.03,fine,0
A01840,P0638,2025-06-08,20,0,7.5,6,1,home,1.44,fine,0
A01096,P0373,2025-06-08,20,3,8.0,9,5,home,,readmitted,1
A02491,P0857,2025-06-08,73,0,6.6,3,1,home,1.07,no_answer,0
A00294,P0098,2025-06-09,65,2,4.9,9,0,home,1.76,no_answer,0
A01091,P0372,2025-06-09,31,1,20.3,6,0,home,0.98,fine,0
A00505,P0167,2025-06-09,31,0,4.5,6,0,home,,fine,0
A01952,P0678,2025-06-09,29,4,3.8,8,0,home,,no_answer,0
A01679,P0582,2025-06-09,86,0,2.6,3,0,nursing_facility,1.11,fine,0
A00068,P0022,2025-06-09,44,2,3.3,8,0,home_care,,fine,0
A01897,P0658,2025-06-09,31,2,6.0,8,5,home,1.43,readmitted,1
A02186,P0752,2025-06-09,81,1,1.1,4,0,home_care,1.3,fine,0
A00200,P0068,2025-06-09,92,2,10.1,6,0,home,0.83,fine,0
A00725,P0244,2025-06-10,55,1,1.6,5,2,home,,fine,0
A00847,P0288,2025-06-10,46,1,4.9,4,0,nursing_facility,1.34,fine,0
A01945,P0676,2025-06-10,37,1,2.7,2,1,home_care,1.26,readmitted,0
A00514,P0171,2025-06-10,67,1,1.0,8,1,home_care,1.46,fine,0
A01656,P0572,2025-06-10,39,1,1.7,10,0,home_care,1.27,fine,0
A00424,P0143,2025-06-10,41,3,5.6,5,2,home,1.28,fine,0
A00036,P0012,2025-06-10,88,2,2.8,4,0,home_care,1.25,fine,0
A01022,P0352,2025-06-10,18,1,5.5,5,2,home,,fine,0
A01855,P0644,2025-06-11,44,2,4.1,1,3,home,1.2,fine,0
A01964,P0682,2025-06-11,48,1,5.4,3,2,home,1.34,no_answer,0
A01464,P0507,2025-06-11,37,1,1.0,5,1,home,,no_answer,0
A01536,P0534,2025-06-11,74,1,11.7,4,0,home,1.36,fine,0
A00773,P0261,2025-06-11,91,4,2.6,7,1,home,,fine,0
A00451,P0151,2025-06-11,83,1,2.7,3,1,nursing_facility,0.74,fine,0
A00965,P0330,2025-06-11,87,3,2.9,11,2,home,1.27,fine,0
A00700,P0237,2025-06-11,50,0,1.2,6,0,home,1.16,no_answer,0
A02511,P0863,2025-06-12,24,1,4.3,4,3,nursing_facility,0.86,fine,0
A00606,P0203,2025-06-12,68,0,6.1,6,0,nursing_facility,0.75,fine,0
A00044,P0015,2025-06-12,81,1,4.1,4,0,home,,fine,0
A00131,P0043,2025-06-12,30,3,7.1,10,7,home_care,1.69,fine,0
A00025,P0010,2025-06-12,39,2,4.1,5,0,nursing_facility,,fine,0
A02100,P0726,2025-06-12,81,2,7.3,9,0,home,,fine,0
A00196,P0066,2025-06-12,25,1,3.3,7,1,home,1.53,fine,0
A01428,P0493,2025-06-12,28,3,7.0,14,1,home,1.3,readmitted,1
A01638,P0568,2025-06-12,90,1,4.0,7,1,home,0.8,fine,0
A00323,P0110,2025-06-13,35,2,1.0,8,0,home,1.39,fine,0
A02071,P0717,2025-06-13,32,6,4.6,8,3,nursing_facility,1.66,fine,0
A00394,P0132,2025-06-13,22,2,1.0,15,1,home,1.59,fine,0
A00893,P0304,2025-06-13,70,3,5.4,4,2,home,1.51,fine,0
A01494,P0518,2025-06-13,85,3,3.0,11,2,home,1.62,readmitted,1
A01814,P0628,2025-06-13,77,3,5.9,16,1,home,,no_answer,0
A01842,P0639,2025-06-13,76,2,12.3,9,0,home,1.35,fine,0
A00729,P0245,2025-06-13,79,3,7.8,6,1,home,1.47,readmitted,1
A02579,P0885,2025-06-14,33,1,1.5,5,1,home,0.72,fine,0
A00734,P0247,2025-06-14,57,4,4.7,10,2,nursing_facility,1.33,no_answer,0
A02488,P0856,2025-06-14,22,4,3.2,10,2,home,2.03,fine,0
A02620,P0898,2025-06-14,50,2,3.6,8,0,home,,fine,0
A01425,P0492,2025-06-14,82,4,14.2,9,2,home,1.57,fine,0
A01626,P0564,2025-06-15,73,1,4.9,6,2,home,,fine,0
A02352,P0809,2025-06-15,25,2,3.2,8,3,home,,fine,0
A01586,P0549,2025-06-15,46,1,2.9,7,2,home_care,,fine,0
A01418,P0490,2025-06-15,63,4,2.1,5,1,nursing_facility,1.16,fine,0
A01049,P0361,2025-06-15,88,0,2.4,9,2,home_care,1.6,fine,0
A02531,P0870,2025-06-15,66,0,6.4,5,1,home,1.04,fine,0
A01564,P0544,2025-06-15,19,2,3.3,7,2,home_care,1.4,fine,0
A00392,P0132,2025-06-16,22,2,3.2,6,0,home_care,1.21,no_answer,0
A01514,P0525,2025-06-16,28,3,3.0,6,1,home,,fine,0
A01498,P0519,2025-06-16,41,4,4.4,9,1,home,,no_answer,0
A02366,P0816,2025-06-16,25,0,1.0,4,0,home_care,1.11,fine,0
A01366,P0469,2025-06-16,30,0,8.6,5,0,home,1.52,fine,0
A02413,P0832,2025-06-16,36,4,1.7,17,1,home,,readmitted,1
A00159,P0050,2025-06-16,28,1,11.8,3,3,home,1.38,fine,0
A02317,P0797,2025-06-16,88,2,6.8,9,1,home_care,1.43,no_answer,0
A00277,P0093,2025-06-16,25,3,2.8,8,2,home,1.92,fine,0
A00975,P0334,2025-06-16,53,5,2.1,5,1,home_care,1.78,readmitted,1
A00815,P0275,2025-06-17,57,1,6.0,5,0,home,,fine,0
A02583,P0887,2025-06-17,85,3,3.4,7,4,home,1.73,fine,0
A00784,P0264,2025-06-17,93,2,13.1,3,1,home,,fine,0
A00444,P0149,2025-06-17,28,0,8.8,11,0,home,,fine,0
A00042,P0014,2025-06-17,56,2,8.4,6,2,home,1.14,fine,0
A00189,P0063,2025-06-17,37,2,3.0,5,2,home,1.65,no_answer,0
A00992,P0340,2025-06-17,76,1,2.1,5,0,home,0.89,no_answer,0
A00934,P0318,2025-06-18,31,1,3.2,5,1,home,1.04,fine,0
A01241,P0425,2025-06-18,26,0,4.6,9,0,home_care,,fine,0
A00420,P0142,2025-06-18,19,3,4.2,7,2,home,,fine,0
A02128,P0734,2025-06-18,90,1,3.3,7,2,home,,readmitted,1
A00543,P0181,2025-06-19,20,1,4.4,4,1,home,,no_answer,0
A02520,P0865,2025-06-19,61,2,3.7,8,2,home_care,0.91,readmitted,1
A00069,P0023,2025-06-19,39,2,12.6,8,1,home,1.16,fine,0
A02251,P0775,2025-06-20,76,5,3.0,10,0,home_care,1.95,fine,0
A02577,P0885,2025-06-20,33,1,8.6,7,1,home,1.1,no_answer,0
A01919,P0664,2025-06-20,89,6,7.2,13,4,home_care,1.8,no_answer,0
A02031,P0705,2025-06-20,20,2,1.8,1,0,home,,readmitted,0
A02606,P0895,2025-06-20,72,1,2.3,4,1,home,,no_answer,0
A02148,P0740,2025-06-20,37,5,2.1,6,4,home,2.2,no_answer,1
A01595,P0552,2025-06-20,52,2,2.8,4,0,home,1.32,fine,0
A02106,P0728,2025-06-21,72,1,5.2,7,1,home,0.93,no_answer,0
A01636,P0567,2025-06-21,57,0,7.2,5,0,home,,fine,0
A01180,P0403,2025-06-21,68,1,5.9,10,0,home,,readmitted,1
A01471,P0509,2025-06-21,43,4,1.2,8,1,home,1.5,no_answer,0
A02426,P0836,2025-06-22,52,1,5.3,5,1,home_care,1.43,fine,0
A02609,P0896,2025-06-22,26,3,2.7,4,2,home_care,0.87,no_answer,0
A02145,P0739,2025-06-22,31,4,4.1,6,1,nursing_facility,,readmitted,1
A01122,P0384,2025-06-23,36,2,6.7,5,1,home,,no_answer,0
A01204,P0411,2025-06-23,21,2,10.1,7,1,home,,fine,0
A02404,P0829,2025-06-23,49,1,6.1,9,1,home_care,1.37,fine,0
A00310,P0105,2025-06-23,22,1,3.6,11,0,home,1.2,no_answer,0
A01557,P0542,2025-06-23,83,2,5.8,8,3,home,,fine,0
A02276,P0781,2025-06-23,72,1,2.0,6,1,home,,fine,0
A00486,P0160,2025-06-24,61,0,5.9,2,0,home_care,1.43,no_answer,0
A01236,P0422,2025-06-24,82,2,2.4,11,2,home_care,1.57,fine,0
A01123,P0384,2025-06-24,36,2,7.7,10,3,home_care,1.24,no_answer,0
A00940,P0321,2025-06-24,34,1,2.5,5,0,home,1.65,fine,0
A02187,P0752,2025-06-24,81,1,6.0,7,1,home,1.91,fine,0
A01213,P0414,2025-06-24,54,3,4.7,9,3,nursing_facility,1.25,no_answer,0
A00054,P0017,2025-06-25,79,2,15.7,3,2,home,,fine,0
A00883,P0301,2025-06-25,37,0,2.7,8,0,home,0.63,no_answer,0
A01558,P0542,2025-06-25,83,2,2.2,10,1,home,1.47,no_answer,0
A02465,P0850,2025-06-25,68,3,3.1,7,0,home_care,1.82,no_answer,0
A00037,P0013,2025-06-25,18,1,4.6,3,0,nursing_facility,,no_answer,0
A00391,P0131,2025-06-25,36,2,2.0,8,0,home,1.42,no_answer,0
A00397,P0133,2025-06-26,48,0,5.1,4,0,home_care,0.54,fine,0
A00510,P0169,2025-06-26,86,1,3.2,11,0,home,0.88,fine,0
A01291,P0441,2025-06-26,85,1,2.6,7,2,nursing_facility,,no_answer,0
A01224,P0417,2025-06-26,83,1,4.0,6,1,home_care,1.25,readmitted,1
A00074,P0024,2025-06-27,73,1,4.7,6,1,nursing_facility,1.16,fine,0
A01012,P0347,2025-06-27,32,4,4.4,11,3,home_care,1.54,fine,0
A00908,P0310,2025-06-27,88,1,1.5,6,0,home,,fine,0
A02205,P0760,2025-06-27,79,0,2.4,6,0,home,1.04,no_answer,0
A01347,P0462,2025-06-27,24,1,3.3,11,0,home_care,1.01,fine,0
A01321,P0452,2025-06-27,52,3,5.8,6,2,home,,fine,0
A01713,P0594,2025-06-28,79,2,5.4,8,0,home,1.63,fine,0
A01131,P0387,2025-06-28,63,1,2.1,6,3,home,1.13,fine,0
A00688,P0233,2025-06-28,80,1,3.9,4,2,nursing_facility,0.78,no_answer,0
A02549,P0876,2025-06-28,23,1,3.0,6,2,home,0.73,no_answer,0
A02321,P0800,2025-06-28,92,1,4.4,7,1,home,,fine,0
A01165,P0398,2025-06-28,84,1,6.5,5,1,home,,fine,0
A01836,P0637,2025-06-28,28,4,4.5,13,2,home,1.99,fine,0
A02563,P0881,2025-06-28,63,1,7.7,4,1,home,1.57,fine,0
A00220,P0075,2025-06-28,18,1,1.0,7,1,home,1.25,fine,0
A00352,P0120,2025-06-28,51,2,1.5,12,1,home,1.78,fine,0
A01148,P0391,2025-06-28,70,1,14.3,9,0,nursing_facility,0.86,fine,0
A01825,P0631,2025-06-29,81,1,8.2,7,1,home,1.09,readmitted,1
A00311,P0105,2025-06-29,22,1,1.6,1,1,home,0.54,fine,0
A00530,P0176,2025-06-29,93,2,4.5,4,0,nursing_facility,1.38,fine,0
A00674,P0228,2025-06-29,41,2,1.3,12,3,home,,fine,0
A00913,P0311,2025-06-30,92,3,4.0,11,1,home,,fine,0
A01250,P0428,2025-06-30,27,2,9.6,7,1,home,,fine,0
A00538,P0178,2025-06-30,34,2,1.4,9,1,home,1.23,no_answer,0
A00654,P0220,2025-06-30,58,3,10.3,9,2,home_care,1.38,fine,0
A00756,P0255,2025-06-30,45,3,3.9,6,2,home_care,,fine,0
A01736,P0602,2025-06-30,33,1,9.9,3,0,home,1.11,fine,0
A00696,P0235,2025-06-30,28,3,4.6,10,2,home,,readmitted,1
A02476,P0852,2025-06-30,76,0,2.7,4,1,home,1.11,fine,0
A01294,P0442,2025-06-30,56,2,9.2,6,2,home,,readmitted,1
A02176,P0750,2025-07-01,70,4,1.7,5,2,home,,fine,0
A02126,P0734,2025-07-01,90,1,2.0,9,2,home,,fine,0
A01929,P0669,2025-07-01,88,1,13.1,13,1,home,1.38,no_answer,0
A01812,P0627,2025-07-01,73,5,10.7,9,1,home_care,1.14,readmitted,1
A01282,P0437,2025-07-01,27,1,2.8,10,1,home_care,,fine,0
A02194,P0756,2025-07-01,52,3,6.8,12,1,home,,fine,0
A01940,P0674,2025-07-01,29,0,7.7,7,0,home,,fine,0
A02559,P0880,2025-07-01,78,1,3.9,7,0,home,,fine,0
A00070,P0023,2025-07-01,39,2,5.5,14,3,home_care,1.08,fine,0
A00768,P0258,2025-07-02,48,3,6.8,7,5,home,1.57,fine,0
A02163,P0745,2025-07-02,93,0,6.2,4,0,home,0.81,readmitted,1
A02378,P0821,2025-07-02,72,2,13.5,6,1,home,,fine,0
A02591,P0889,2025-07-02,33,2,6.1,5,3,home,,fine,0
A02441,P0841,2025-07-03,60,1,8.6,8,0,home,1.33,no_answer,0
A00304,P0103,2025-07-03,64,1,5.2,6,0,home_care,1.58,no_answer,0
A01283,P0437,2025-07-03,27,1,3.5,5,0,home,1.11,fine,0
A01670,P0578,2025-07-03,67,2,12.8,10,0,home,1.0,fine,0
A01879,P0652,2025-07-04,51,2,1.5,7,0,home,1.5,fine,0
A00226,P0076,2025-07-04,65,0,5.8,6,0,home,,fine,0
A00238,P0080,2025-07-04,59,0,4.8,8,0,home,0.91,fine,0
A01883,P0653,2025-07-04,25,3,1.0,7,1,home,1.27,fine,0
A02300,P0791,2025-07-04,30,2,4.1,6,1,home_care,1.32,fine,0
A01296,P0443,2025-07-04,33,2,2.5,4,3,home_care,,fine,0
A02529,P0869,2025-07-04,89,1,3.0,7,1,home,,fine,0
A02600,P0893,2025-07-04,75,1,4.8,2,0,home,,no_answer,0
A00402,P0136,2025-07-04,49,2,5.6,8,1,home_care,,fine,0
A02562,P0880,2025-07-05,78,1,3.5,10,1,nursing_facility,0.89,fine,0
A01909,P0660,2025-07-05,59,1,9.9,4,1,home,,no_answer,0
A02054,P0712,2025-07-06,61,1,2.7,7,0,home,1.43,fine,0
A02222,P0766,2025-07-06,93,3,8.0,7,1,home,1.44,no_answer,0
A00798,P0269,2025-07-06,91,3,2.5,7,0,home,0.95,fine,0
A01869,P0647,2025-07-07,81,2,2.3,12,1,home,,fine,0
A02296,P0790,2025-07-07,43,6,5.1,8,6,home,,fine,0
A02278,P0782,2025-07-07,40,0,5.7,2,3,nursing_facility,0.98,fine,0
A01413,P0488,2025-07-07,63,3,6.4,11,0,home_care,1.37,no_answer,0
A01956,P0679,2025-07-07,20,2,9.8,3,0,home_care,1.21,fine,0
A01353,P0464,2025-07-07,42,0,5.5,5,0,home,,fine,0
A02009,P0698,2025-07-08,22,4,2.2,9,4,home,,readmitted,1
A00038,P0013,2025-07-09,18,1,4.7,6,2,home,1.14,fine,0
A01041,P0358,2025-07-09,82,2,3.0,8,0,nursing_facility,,fine,0
A01034,P0356,2025-07-09,86,2,12.6,14,1,home,,fine,0
A00932,P0318,2025-07-09,31,1,1.8,10,2,home,0.96,fine,0
A00145,P0047,2025-07-09,21,3,8.8,16,0,home,1.99,fine,0
A01520,P0527,2025-07-09,28,1,3.1,4,3,home,,readmitted,1
A00224,P0076,2025-07-09,65,0,4.0,1,0,home,0.69,readmitted,1
A02200,P0759,2025-07-10,88,2,6.0,7,1,home,,fine,0
A01789,P0620,2025-07-10,51,3,4.6,10,3,home,1.48,readmitted,1
A00586,P0194,2025-07-10,73,1,6.4,6,0,home_care,1.35,fine,0
A00627,P0211,2025-07-10,44,0,6.5,7,0,home_care,1.21,no_answer,0
A01150,P0393,2025-07-10,19,0,8.7,2,0,home,,fine,0
A00535,P0177,2025-07-10,49,2,1.3,5,0,home,1.19,fine,0
A01485,P0515,2025-07-10,75,1,8.0,5,1,home,,readmitted,0
A01290,P0440,2025-07-10,75,1,4.1,5,0,home_care,,fine,0
A00625,P0210,2025-07-11,70,3,3.2,10,1,home,,fine,0
A01352,P0464,2025-07-11,42,0,3.8,6,1,home,0.93,fine,0
A01994,P0692,2025-07-11,40,1,2.6,9,1,nursing_facility,1.17,no_answer,0
A01887,P0654,2025-07-11,70,0,1.5,3,1,nursing_facility,1.19,fine,0
A02286,P0785,2025-07-11,70,1,1.7,6,0,home,1.31,fine,0
A02390,P0824,2025-07-11,81,3,1.9,7,2,home,,fine,0
A01931,P0671,2025-07-11,34,3,5.3,8,2,home,,no_answer,0
A01345,P0462,2025-07-11,24,1,1.0,7,0,home_care,,no_answer,0
A01214,P0414,2025-07-11,54,3,2.8,9,1,nursing_facility,,no_answer,0
A00560,P0186,2025-07-11,76,1,2.3,4,1,nursing_facility,1.42,fine,0
A02089,P0723,2025-07-11,58,4,10.7,11,2,home,2.07,no_answer,0
A01583,P0549,2025-07-12,46,1,3.9,6,1,home,0.86,no_answer,0
A02000,P0694,2025-07-12,37,2,9.3,6,1,home,,no_answer,0
A01828,P0633,2025-07-12,88,1,9.4,4,0,home,1.39,fine,0
A01995,P0692,2025-07-12,40,1,4.7,7,0,home,1.47,fine,0
A00214,P0073,2025-07-12,46,1,8.5,7,3,nursing_facility,1.14,fine,0
A01663,P0575,2025-07-12,59,2,1.1,5,2,home,,fine,0
A00605,P0202,2025-07-12,26,2,2.1,6,0,home,,no_answer,0
A01194,P0408,2025-07-13,76,1,13.8,4,1,home,,fine,0
A00257,P0086,2025-07-13,90,4,4.8,11,4,home,,fine,0
A00353,P0120,2025-07-13,51,2,6.2,8,1,nursing_facility,,fine,0
A01556,P0541,2025-07-14,65,4,5.2,9,3,home,1.63,readmitted,1
A01259,P0431,2025-07-14,42,1,3.4,5,4,home_care,0.9,fine,0
A00009,P0005,2025-07-14,77,1,4.2,5,0,nursing_facility,1.31,no_answer,0
A00776,P0261,2025-07-14,91,4,3.3,6,3,home_care,1.33,fine,0
A02174,P0750,2025-07-14,70,4,7.7,13,4,home,,fine,0
A00046,P0015,2025-07-14,81,1,4.4,8,0,home_care,,fine,0
A00299,P0101,2025-07-14,45,3,6.7,5,1,home,,fine,0
A02236,P0769,2025-07-14,36,2,7.7,7,1,home,,fine,0
A02345,P0808,2025-07-15,39,1,4.5,7,2,home_care,1.01,no_answer,0
A02525,P0868,2025-07-15,20,3,1.3,6,3,nursing_facility,,fine,0
A00393,P0132,2025-07-15,22,2,2.9,7,0,home,,fine,0
A00454,P0151,2025-07-15,83,1,4.6,3,3,home,0.96,fine,0
A02459,P0848,2025-07-15,79,2,11.9,3,0,nursing_facility,1.57,fine,0
A01363,P0468,2025-07-15,28,3,3.2,5,0,home,1.01,no_answer,0
A01953,P0679,2025-07-16,20,2,5.2,6,3,home,1.15,fine,0
A00157,P0049,2025-07-16,20,4,8.1,6,0,home,,no_answer,0
A00104,P0034,2025-07-16,80,1,5.2,6,0,home,1.8,no_answer,0
A02408,P0831,2025-07-16,71,2,3.7,4,1,home,0.95,fine,0
A00748,P0252,2025-07-16,32,4,3.4,13,1,home,,no_answer,0
A00223,P0076,2025-07-17,65,0,3.5,8,0,home,,readmitted,1
A00868,P0295,2025-07-17,51,3,4.0,4,4,home_care,,fine,0
A01908,P0660,2025-07-17,59,1,4.9,4,0,home_care,1.3,fine,0
A02365,P0816,2025-07-17,25,0,2.8,3,0,nursing_facility,1.03,fine,0
A00328,P0111,2025-07-17,29,2,1.0,3,1,home_care,0.88,fine,0
A01694,P0588,2025-07-17,27,0,6.6,2,0,home,0.67,fine,0
A01957,P0680,2025-07-18,26,1,10.0,4,1,home,,fine,0
A01171,P0400,2025-07-18,67,3,5.0,6,4,home,,fine,0
A01085,P0371,2025-07-18,21,3,7.6,7,1,home,,no_answer,0
A00101,P0033,2025-07-18,94,0,4.7,4,2,home,,readmitted,1
A01053,P0362,2025-07-18,71,1,1.6,7,0,home_care,,fine,0
A02060,P0713,2025-07-18,84,4,3.3,10,1,nursing_facility,1.73,fine,0
A01981,P0689,2025-07-18,22,1,3.5,6,0,home,1.21,fine,0
A01195,P0408,2025-07-19,76,1,4.3,4,2,home,1.37,fine,0
A02283,P0784,2025-07-19,71,2,4.1,3,0,home,1.22,fine,0
A01642,P0568,2025-07-19,90,1,9.5,5,2,home_care,1.3,fine,0
A00019,P0008,2025-07-19,22,1,7.1,10,1,home,0.63,fine,0
A00333,P0113,2025-07-19,80,0,5.3,4,1,home,0.91,fine,0
A02064,P0715,2025-07-20,55,2,8.9,10,3,home,1.33,fine,0
A01247,P0428,2025-07-20,27,2,8.5,11,2,home_care,1.28,no_answer,0
A01912,P0662,2025-07-20,91,0,8.7,10,0,home,1.16,fine,0
A00665,P0224,2025-07-20,94,4,4.8,7,2,home,1.11,no_answer,0
A00732,P0247,2025-07-20,57,4,1.6,9,0,home,,fine,0
A00100,P0033,2025-07-20,94,0,4.1,4,0,home,0.65,fine,0
A02519,P0865,2025-07-21,61,2,1.8,4,4,home,1.09,no_answer,1
A00227,P0077,2025-07-21,81,3,1.0,10,0,home,1.67,fine,0
A02004,P0696,2025-07-21,68,3,1.7,13,2,home,,fine,0
A01698,P0588,2025-07-21,27,0,1.5,6,1,home,,fine,0
A01794,P0621,2025-07-21,59,3,9.2,4,1,home_care,,fine,0
A01474,P0510,2025-07-22,83,4,1.0,13,0,home,2.12,fine,0
A02159,P0743,2025-07-22,26,2,4.1,8,0,home,2.02,no_answer,0
A00794,P0268,2025-07-22,24,1,4.0,3,3,home,1.22,fine,0
A00858,P0293,2025-07-22,23,1,1.0,5,2,nursing_facility,0.68,fine,0
A00897,P0305,2025-07-22,70,1,3.8,6,2,home,0.64,fine,0
A01207,P0412,2025-07-22,36,0,11.1,3,0,home,,fine,0
A01042,P0358,2025-07-22,82,2,6.9,5,2,home_care,,fine,0
A02234,P0769,2025-07-22,36,2,4.0,6,1,nursing_facility,1.38,fine,0
A02410,P0831,2025-07-23,71,2,4.4,6,1,home,,no_answer,0
A02091,P0724,2025-07-23,77,4,2.3,12,3,nursing_facility,,fine,0
A00848,P0289,2025-07-23,49,2,4.5,6,2,home,0.95,no_answer,0
A00846,P0288,2025-07-23,46,1,3.8,6,1,home,,no_answer,0
A02047,P0710,2025-07-23,30,2,1.7,9,0,home_care,,fine,0
A01050,P0361,2025-07-23,88,0,4.1,2,0,home_care,1.05,fine,0
A00067,P0021,2025-07-24,41,2,7.2,7,3,home,1.26,no_answer,0
A02456,P0847,2025-07-24,74,1,4.7,6,0,home_care,1.11,fine,0
A01992,P0692,2025-07-24,40,1,18.5,2,0,home,,fine,0
A01858,P0645,2025-07-24,72,4,3.2,7,4,home,1.71,fine,0
A01592,P0551,2025-07-24,72,0,3.8,2,1,home,0.67,readmitted,0
A01385,P0476,2025-07-24,30,2,2.5,5,2,home,,readmitted,1
A02443,P0842,2025-07-25,58,1,4.7,3,1,home,1.5,no_answer,0
A00007,P0004,2025-07-25,62,4,1.0,5,7,home,1.57,fine,0
A00911,P0311,2025-07-25,92,3,11.0,6,2,home,,no_answer,0
A01263,P0432,2025-07-25,69,1,1.4,7,0,nursing_facility,0.94,fine,0
A01211,P0413,2025-07-25,79,1,2.5,5,0,home,,no_answer,0
A00938,P0319,2025-07-25,21,1,2.9,6,0,home,1.21,no_answer,0
A00650,P0218,2025-07-25,87,3,3.0,3,2,home,,fine,0
A01380,P0475,2025-07-25,34,2,3.8,9,2,home_care,1.16,fine,0
A00579,P0191,2025-07-26,75,2,16.2,9,1,home,,fine,0
A01926,P0667,2025-07-26,32,1,1.5,6,1,home,,fine,0
A01217,P0415,2025-07-26,91,2,13.6,6,1,nursing_facility,1.85,fine,0
A02616,P0898,2025-07-26,50,2,2.8,6,0,home,,fine,0
A00167,P0054,2025-07-26,80,4,1.0,10,2,nursing_facility,1.31,fine,0
A02303,P0792,2025-07-26,24,4,11.0,14,0,home,1.67,fine,0
A02555,P0877,2025-07-26,60,2,6.9,6,3,home,,fine,0
A00691,P0234,2025-07-26,67,2,5.1,5,0,nursing_facility,1.35,readmitted,1
A02290,P0787,2025-07-27,74,1,5.8,5,1,home,1.12,no_answer,0
A00359,P0121,2025-07-27,64,2,13.2,1,3,home,,no_answer,0
A02103,P0726,2025-07-27,81,2,1.5,8,2,nursing_facility,1.25,readmitted,1
A00428,P0145,2025-07-27,85,0,1.0,1,0,home_care,1.35,no_answer,0
A02486,P0855,2025-07-27,49,1,4.2,8,2,home,1.16,fine,0
A00626,P0211,2025-07-27,44,0,1.6,9,0,home,,no_answer,0
A00197,P0067,2025-07-27,32,2,6.3,6,0,nursing_facility,1.24,fine,0
A00521,P0174,2025-07-28,22,0,3.8,9,0,home,,no_answer,0
A00093,P0030,2025-07-28,62,1,11.0,9,1,home,,fine,0
A02263,P0777,2025-07-28,81,1,1.0,8,1,home,,fine,0
A02191,P0755,2025-07-28,56,0,2.3,6,1,home,0.39,fine,0
A01894,P0657,2025-07-28,26,3,8.6,8,4,home_care,1.69,fine,0
A02558,P0879,2025-07-28,23,2,1.8,5,1,home,,no_answer,0
A01063,P0365,2025-07-28,85,2,4.7,5,1,home,1.5,no_answer,0
A01276,P0436,2025-07-28,41,1,2.8,3,0,home,0.96,fine,0
A01076,P0369,2025-07-28,88,3,6.5,4,1,home,1.58,fine,0
A01338,P0458,2025-07-28,70,1,7.9,6,0,home,,no_answer,0
A01219,P0416,2025-07-29,87,1,5.8,10,1,home,,no_answer,0
A02179,P0751,2025-07-29,92,2,6.5,8,2,home,,no_answer,0
A00770,P0259,2025-07-29,44,2,9.1,5,5,home,1.38,fine,0
A00692,P0235,2025-07-30,28,3,4.0,10,3,home,1.47,readmitted,1
A02270,P0780,2025-07-30,82,1,3.2,4,3,home,,fine,0
A01288,P0439,2025-07-30,77,2,1.0,5,1,home_care,1.48,fine,0
A01602,P0555,2025-07-30,74,4,4.8,10,2,nursing_facility,0.94,fine,0
A01608,P0557,2025-07-30,77,1,5.2,8,1,home,,no_answer,0
A00686,P0232,2025-07-30,75,3,2.3,11,0,home,,no_answer,0
A01971,P0684,2025-07-30,52,5,3.3,10,1,home,,fine,0
A00819,P0277,2025-07-30,58,4,1.0,5,2,home_care,1.6,fine,0
A02185,P0752,2025-07-31,81,1,10.0,5,0,home,,fine,0
A00339,P0115,2025-07-31,47,2,5.4,8,0,home,1.31,fine,0
A01688,P0585,2025-07-31,79,2,2.3,8,1,home,1.29,no_answer,0
A01943,P0675,2025-07-31,23,3,2.2,6,3,home,,readmitted,1
A02382,P0823,2025-07-31,67,1,3.8,9,1,home,,fine,0
A01967,P0683,2025-07-31,42,2,3.7,4,2,home,,fine,0
A01644,P0569,2025-07-31,76,0,2.4,5,0,home,,fine,0
A02534,P0871,2025-07-31,21,1,7.1,3,0,nursing_facility,1.15,fine,0
A01020,P0351,2025-07-31,49,4,1.7,15,4,nursing_facility,1.84,readmitted,1
A00240,P0081,2025-07-31,38,2,3.9,6,4,home,,fine,0
A00502,P0166,2025-07-31,21,4,3.9,6,0,home,1.34,fine,0
A01641,P0568,2025-08-01,90,1,5.5,3,0,home,1.81,fine,0
A02292,P0788,2025-08-01,44,3,3.7,6,2,home,,fine,0
A01796,P0622,2025-08-01,25,1,5.8,4,0,home,1.4,fine,0
A00469,P0155,2025-08-01,87,1,2.6,3,0,home,1.34,fine,0
A01154,P0395,2025-08-01,41,3,2.7,9,2,nursing_facility,1.58,fine,0
A01696,P0588,2025-08-02,27,0,4.6,5,2,home,,fine,0
A00356,P0121,2025-08-02,64,2,8.4,4,2,home,,fine,0
A00091,P0030,2025-08-02,62,1,1.0,7,1,home_care,1.07,no_answer,0
A02195,P0757,2025-08-02,56,1,2.9,9,2,home,0.76,no_answer,0
A02343,P0807,2025-08-02,57,3,4.1,8,2,home_care,1.74,fine,0
A01105,P0376,2025-08-02,37,3,3.4,8,4,home,1.53,readmitted,1
A01771,P0613,2025-08-03,47,0,5.0,7,1,nursing_facility,0.97,fine,0
A01584,P0549,2025-08-03,46,1,16.6,7,2,home,,no_answer,0
A02542,P0874,2025-08-03,27,5,2.9,6,3,home,,fine,0
A00154,P0048,2025-08-03,52,0,7.9,3,1,home,,no_answer,0
A01720,P0596,2025-08-03,24,2,4.8,7,2,home,1.47,fine,0
A01630,P0565,2025-08-03,22,3,3.5,6,1,home,1.27,no_answer,0
A00305,P0103,2025-08-03,64,1,3.9,12,1,home,1.28,fine,0
A02403,P0829,2025-08-03,49,1,6.7,2,0,home_care,,fine,0
A01174,P0401,2025-08-04,80,1,1.1,7,3,nursing_facility,0.77,fine,0
A01764,P0611,2025-08-04,52,1,5.4,5,3,home,1.1,no_answer,0
A01634,P0566,2025-08-04,35,1,2.0,8,0,home,,fine,0
A01499,P0519,2025-08-04,41,4,5.8,9,3,home_care,1.11,fine,0
A02474,P0852,2025-08-04,76,0,3.7,7,3,nursing_facility,0.39,fine,0
A02380,P0822,2025-08-05,79,1,1.0,3,1,nursing_facility,1.15,fine,0
A02153,P0742,2025-08-05,44,2,3.5,8,3,home,1.67,fine,0
A01669,P0578,2025-08-05,67,2,6.9,10,3,nursing_facility,1.1,no_answer,0
A02309,P0794,2025-08-05,78,1,2.0,6,0,nursing_facility,0.74,readmitted,1
A00739,P0249,2025-08-05,73,3,5.6,10,1,home_care,,no_answer,1
A01344,P0461,2025-08-05,43,1,8.4,5,1,home,1.06,no_answer,0
A02130,P0735,2025-08-06,78,3,2.0,6,0,home,,no_answer,0
A01226,P0418,2025-08-06,19,2,1.0,10,1,nursing_facility,,fine,0
A01339,P0459,2025-08-06,79,5,3.5,6,0,home,2.38,readmitted,1
A00011,P0006,2025-08-06,82,3,1.3,9,4,home,1.38,fine,0
A01660,P0574,2025-08-06,75,5,9.2,11,8,home,2.31,readmitted,1
A01465,P0507,2025-08-07,37,1,4.8,7,2,home,,fine,0
A01036,P0356,2025-08-07,86,2,3.6,8,1,home,1.57,no_answer,0
A00658,P0220,2025-08-07,58,3,3.1,6,4,home,,fine,0
A01152,P0394,2025-08-07,53,3,6.0,5,1,nursing_facility,1.54,readmitted,1
A01733,P0601,2025-08-07,67,1,1.1,7,2,home,,no_answer,0
A01534,P0532,2025-08-07,74,3,4.3,4,1,nursing_facility,1.43,fine,0
A01717,P0595,2025-08-07,82,1,4.1,10,2,home_care,1.18,fine,0
A01664,P0575,2025-08-07,59,2,1.0,5,3,home,0.97,fine,0
A00003,P0002,2025-08-07,70,2,8.1,10,4,home,1.54,readmitted,1
A01199,P0409,2025-08-07,62,3,1.5,13,0,home,1.47,fine,0
A00429,P0145,2025-08-08,85,0,8.0,6,0,home,,fine,0
A01456,P0504,2025-08-08,40,2,4.0,7,1,home,1.28,no_answer,0
A00909,P0311,2025-08-08,92,3,3.9,14,3,home,1.42,fine,0
A00130,P0043,2025-08-08,30,3,3.4,7,2,home,1.67,fine,0
A01423,P0491,2025-08-09,47,4,7.9,14,2,home,,fine,0
A00720,P0242,2025-08-09,84,5,7.5,7,2,home,1.98,readmitted,1
A01910,P0661,2025-08-09,62,1,1.0,4,1,home,1.08,no_answer,0
A00388,P0131,2025-08-09,36,2,5.4,9,2,home,0.91,fine,0
A01560,P0542,2025-08-09,83,2,3.5,5,1,nursing_facility,1.21,fine,0
A02249,P0775,2025-08-09,76,5,3.0,8,7,home,1.81,fine,0
A00765,P0258,2025-08-09,48,3,7.5,9,2,home,1.61,fine,0
A00970,P0332,2025-08-09,31,0,3.1,3,1,home,,fine,0
A00960,P0328,2025-08-10,75,1,1.9,9,2,home,1.68,fine,0
A00609,P0204,2025-08-10,74,1,5.1,4,1,nursing_facility,1.1,no_answer,0
A00266,P0090,2025-08-11,21,2,14.6,8,3,home,,fine,0
A01516,P0526,2025-08-11,56,2,9.4,11,0,home,1.32,no_answer,0
A00833,P0282,2025-08-11,62,2,9.9,11,3,home,1.15,no_answer,0
A00151,P0048,2025-08-11,52,0,19.0,8,1,home_care,,no_answer,0
A01870,P0648,2025-08-11,46,1,20.6,3,1,home,,fine,0
A00153,P0048,2025-08-11,52,0,10.2,12,2,nursing_facility,0.62,fine,0
A02081,P0719,2025-08-12,69,2,8.3,4,2,home_care,1.8,fine,0
A02044,P0709,2025-08-12,27,6,2.2,16,1,home_care,1.51,fine,0
A01094,P0373,2025-08-12,20,3,1.5,11,2,home_care,1.96,fine,0
A00008,P0005,2025-08-12,77,1,6.3,8,0,home_care,0.79,fine,0
A01238,P0423,2025-08-12,42,1,5.8,9,2,home_care,1.34,fine,0
A01155,P0395,2025-08-12,41,3,2.4,5,2,home,,fine,0
A02265,P0779,2025-08-12,76,0,5.8,3,0,home_care,1.03,fine,0
A01484,P0514,2025-08-12,44,2,7.2,6,0,home,1.27,no_answer,0
A02190,P0754,2025-08-12,74,0,2.2,9,0,home,1.0,fine,0
A01654,P0571,2025-08-13,32,3,3.5,6,3,home,1.14,fine,0
A01741,P0604,2025-08-13,85,1,3.1,7,1,home_care,1.14,fine,0
A00279,P0094,2025-08-13,36,2,3.6,10,0,home,,no_answer,0
A01414,P0489,2025-08-13,25,2,1.0,7,2,home_care,,fine,0
A01991,P0692,2025-08-13,40,1,3.4,13,0,home,0.81,fine,0
A01327,P0454,2025-08-13,21,1,2.3,2,1,home,0.85,fine,0
A00731,P0246,2025-08-13,91,1,8.2,8,2,nursing_facility,1.17,fine,0
A01878,P0651,2025-08-13,27,1,1.8,9,0,home_care,0.65,fine,0
A00537,P0178,2025-08-13,34,2,1.1,6,1,home,,no_answer,0
A02370,P0817,2025-08-14,39,2,16.7,8,1,home,1.29,fine,0
A00274,P0092,2025-08-14,54,1,1.0,4,0,home,,no_answer,0
A01710,P0591,2025-08-14,94,3,3.6,8,2,nursing_facility,,no_answer,0
A02415,P0832,2025-08-14,36,4,4.5,9,2,home,,no_answer,0
A00618,P0208,2025-08-14,51,2,1.1,8,3,home,,no_answer,0
A01328,P0455,2025-08-14,66,1,2.1,7,0,nursing_facility,1.25,fine,0
A01362,P0468,2025-08-14,28,3,3.6,7,3,home,1.38,fine,0
A01613,P0560,2025-08-14,83,2,8.6,5,1,home_care,1.48,fine,0
A00396,P0132,2025-08-15,22,2,1.2,15,0,nursing_facility,1.61,fine,0
A01181,P0404,2025-08-15,34,1,1.2,2,0,home_care,1.24,no_answer,0
A02052,P0711,2025-08-15,31,2,1.3,15,1,home,,fine,0
A01747,P0606,2025-08-15,63,3,1.0,4,2,nursing_facility,,fine,0
A01038,P0357,2025-08-15,74,2,4.4,11,2,home,1.92,fine,0
A01880,P0652,2025-08-15,51,2,19.7,9,0,home,,fine,0
A01169,P0399,2025-08-15,59,1,8.7,6,0,home,1.44,no_answer,0
A00242,P0082,2025-08-15,92,2,5.7,2,0,nursing_facility,1.12,fine,0
A01601,P0555,2025-08-15,74,4,5.1,7,3,home_care,1.87,readmitted,0
A01370,P0473,2025-08-16,68,0,8.2,1,0,home,0.92,fine,0
A00918,P0314,2025-08-16,65,0,10.0,7,1,nursing_facility,,fine,0
A01227,P0418,2025-08-16,19,2,4.5,11,1,home_care,,no_answer,0
A02399,P0827,2025-08-16,51,1,1.0,4,1,home,,fine,0
A00835,P0282,2025-08-16,62,2,7.5,5,1,home_care,1.35,readmitted,1
A00470,P0155,2025-08-16,87,1,5.6,5,0,home,1.36,fine,0
A01254,P0429,2025-08-16,79,1,4.6,5,2,nursing_facility,1.25,fine,0
A01365,P0469,2025-08-16,30,0,5.5,6,0,home,0.89,fine,0
A00629,P0211,2025-08-17,44,0,16.5,7,1,home_care,1.18,no_answer,0
A02357,P0811,2025-08-17,92,2,9.3,6,4,home_care,1.27,fine,0
A00199,P0068,2025-08-17,92,2,4.0,6,1,home,1.48,fine,0
A01279,P0437,2025-08-17,27,1,11.9,7,3,home_care,0.99,fine,0
A01135,P0388,2025-08-17,26,3,9.4,6,1,home,1.46,fine,0
A00032,P0011,2025-08-17,85,4,4.3,7,2,home_care,1.72,no_answer,0
A01834,P0635,2025-08-17,47,3,7.5,7,1,nursing_facility,1.25,fine,0
A00467,P0155,2025-08-18,87,1,3.5,6,2,home,,no_answer,0
A01759,P0610,2025-08-18,33,2,2.8,9,4,home,,fine,0
A02120,P0731,2025-08-18,59,6,10.4,9,3,home,1.46,readmitted,1
A01230,P0419,2025-08-18,21,2,12.5,3,0,home,0.91,no_answer,0
A00482,P0159,2025-08-18,29,2,8.6,9,0,home,1.32,fine,0
A00383,P0130,2025-08-18,45,1,7.0,5,1,home,,fine,0
A00895,P0304,2025-08-19,70,3,7.9,9,1,nursing_facility,1.47,fine,0
A01667,P0577,2025-08-19,75,1,5.0,6,1,home,,fine,0
A02254,P0776,2025-08-19,78,1,15.4,9,0,home_care,,fine,0
A01618,P0561,2025-08-19,69,2,1.0,8,1,home_care,,fine,0
A02050,P0710,2025-08-19,30,2,6.4,6,1,home,,fine,0
A00195,P0066,2025-08-19,25,1,2.6,9,0,home,0.94,fine,0
A02045,P0709,2025-08-19,27,6,2.9,13,2,home_care,1.41,fine,0
A01532,P0532,2025-08-19,74,3,6.2,9,0,home_care,1.16,fine,0
A01867,P0646,2025-08-19,88,3,10.6,9,4,home,,fine,0
A01161,P0396,2025-08-20,61,1,3.4,12,0,home,,fine,0
A00371,P0125,2025-08-20,70,2,4.4,4,2,home,,no_answer,0
A00425,P0143,2025-08-20,41,3,1.9,16,1,home,1.26,readmitted,0
A01452,P0503,2025-08-20,59,3,3.0,8,1,home,,fine,0
A01728,P0600,2025-08-20,42,2,8.8,11,0,home,1.75,fine,0
A01477,P0511,2025-08-20,53,2,3.9,5,1,home,,fine,0
A01835,P0636,2025-08-20,79,1,2.4,7,1,home,1.66,no_answer,0
A00450,P0151,2025-08-20,83,1,3.0,8,1,home,0.89,fine,0
A01202,P0410,2025-08-21,47,4,4.6,13,3,home,2.18,no_answer,0
A01627,P0564,2025-08-21,73,1,8.6,3,1,home,,no_answer,0
A01712,P0593,2025-08-21,90,2,1.0,2,0,home,1.45,fine,0
A00988,P0338,2025-08-21,27,2,5.9,13,3,home_care,,fine,0
A00809,P0272,2025-08-21,33,1,3.6,1,2,home_care,1.09,fine,0
A00347,P0116,2025-08-22,62,2,5.8,8,2,home,1.53,readmitted,1
A01676,P0580,2025-08-22,61,2,4.7,12,0,home,,fine,0
A01071,P0367,2025-08-22,58,3,2.5,4,1,home,,no_answer,0
A00174,P0056,2025-08-22,81,2,5.1,9,3,home,0.79,fine,0
A02252,P0775,2025-08-22,76,5,2.3,8,4,home,2.16,fine,0
A01513,P0525,2025-08-22,28,3,5.2,10,3,home_care,1.17,fine,0
A00990,P0340,2025-08-22,76,1,2.9,9,0,home_care,1.16,fine,0
A02470,P0851,2025-08-23,91,4,10.7,10,1,nursing_facility,1.75,readmitted,1
A01299,P0445,2025-08-23,62,3,3.3,9,1,home,1.58,no_answer,0
A02391,P0825,2025-08-23,91,3,3.7,8,3,home,,fine,0
A01476,P0511,2025-08-23,53,2,3.6,5,1,home,,fine,0
A00464,P0154,2025-08-23,64,1,2.1,2,0,home,1.05,fine,0
A00578,P0191,2025-08-23,75,2,1.3,10,1,home,1.05,fine,0
A00097,P0032,2025-08-23,57,2,6.1,12,2,home,,fine,0
A00978,P0336,2025-08-23,46,2,4.7,6,3,home,1.2,no_answer,0
A01852,P0642,2025-08-23,27,3,2.6,10,0,nursing_facility,1.51,no_answer,0
A01393,P0480,2025-08-23,86,1,4.6,2,1,home_care,0.89,fine,0
A00643,P0216,2025-08-24,84,2,4.9,3,1,home_care,,fine,0
A02164,P0745,2025-08-24,93,0,11.6,4,4,home,,readmitted,1
A01215,P0414,2025-08-24,54,3,6.8,9,2,home,1.84,fine,0
A00976,P0335,2025-08-24,68,5,7.4,13,1,home,,fine,0
A00229,P0077,2025-08-24,81,3,7.7,10,1,home,1.13,fine,0
A02211,P0762,2025-08-24,76,2,4.0,5,2,home,0.81,fine,0
A02219,P0765,2025-08-24,64,3,4.3,13,1,home_care,1.6,fine,0
A00763,P0257,2025-08-24,31,1,6.9,4,0,home,1.23,fine,0
A00775,P0261,2025-08-25,91,4,1.0,10,4,home,1.79,fine,0
A00122,P0040,2025-08-25,53,2,5.2,6,1,nursing_facility,1.22,fine,0
A00051,P0017,2025-08-25,79,2,1.6,6,1,home,1.63,fine,0
A02421,P0833,2025-08-25,82,5,8.3,13,4,home_care,1.76,readmitted,1
A00711,P0240,2025-08-25,92,3,14.9,7,0,home,,fine,0
A00014,P0006,2025-08-25,82,3,6.5,4,2,nursing_facility,1.92,fine,0
A01777,P0617,2025-08-25,20,2,5.9,8,0,home,1.37,fine,0
A02275,P0781,2025-08-25,72,1,11.5,3,1,nursing_facility,0.5,fine,0
A00077,P0025,2025-08-25,37,0,2.2,4,0,home,1.37,fine,0
A00652,P0219,2025-08-26,57,2,2.2,8,0,home,,fine,0
A02183,P0752,2025-08-26,81,1,3.5,5,5,nursing_facility,1.48,no_answer,0
A02125,P0734,2025-08-26,90,1,9.7,8,3,nursing_facility,,no_answer,1
A02280,P0783,2025-08-26,83,4,2.5,5,2,home,,fine,0
A00621,P0209,2025-08-26,85,3,1.3,9,1,home,1.49,fine,0
A02594,P0890,2025-08-26,75,2,2.7,9,1,home,1.2,fine,0
A00484,P0160,2025-08-26,61,0,7.7,6,2,home,,fine,0
A00818,P0277,2025-08-27,58,4,4.1,13,3,home,1.61,fine,0
A02406,P0830,2025-08-27,18,3,2.3,7,2,nursing_facility,1.57,fine,0
A00849,P0289,2025-08-27,49,2,3.1,5,2,home_care,1.68,no_answer,0
A01395,P0481,2025-08-27,47,4,1.1,9,2,home_care,1.28,fine,0
A00828,P0279,2025-08-27,87,1,2.2,4,0,nursing_facility,0.97,no_answer,0
A01340,P0460,2025-08-27,45,0,1.0,5,0,home,,fine,0
A01261,P0431,2025-08-27,42,1,6.8,5,0,nursing_facility,0.8,fine,0
A01048,P0360,2025-08-28,88,1,10.3,5,0,home,1.44,fine,0
A02348,P0808,2025-08-28,39,1,2.4,9,0,home,,no_answer,0
A02598,P0892,2025-08-29,82,4,8.1,13,4,home,1.34,readmitted,1
A01588,P0550,2025-08-29,41,1,1.5,5,1,home_care,1.17,fine,0
A00524,P0174,2025-08-29,22,0,5.5,5,0,home,,fine,0
A01739,P0603,2025-08-29,32,4,3.8,10,5,nursing_facility,2.02,no_answer,0
A02515,P0864,2025-08-29,91,0,6.4,7,0,home,,readmitted,1
A00750,P0253,2025-08-29,33,2,1.2,6,1,nursing_facility,1.44,fine,0
A00525,P0174,2025-08-29,22,0,2.4,4,0,home,,fine,0
A00146,P0047,2025-08-29,21,3,4.4,8,2,home,1.1,fine,0
A02247,P0774,2025-08-30,25,4,5.5,7,2,home,,fine,0
A01052,P0362,2025-08-30,71,1,1.0,7,2,home,1.3,fine,0
A02006,P0698,2025-08-30,22,4,9.3,11,2,home,,fine,0
A00999,P0343,2025-08-30,66,2,2.9,5,3,home,,fine,0
A02550,P0876,2025-08-30,23,1,2.9,8,0,home,0.68,fine,0
A00950,P0325,2025-08-30,82,3,6.8,8,1,home,1.47,fine,0
A01333,P0457,2025-08-30,81,3,5.9,5,2,home,,fine,0
A01010,P0347,2025-08-30,32,4,1.5,12,4,home_care,1.83,fine,0
A01203,P0410,2025-08-30,47,4,1.0,6,3,home,1.97,fine,0
A00766,P0258,2025-08-30,48,3,5.0,9,1,nursing_facility,1.63,fine,0
A00995,P0341,2025-08-31,53,2,5.7,4,1,home,1.7,fine,0
A02490,P0857,2025-08-31,73,0,1.0,9,0,home,1.2,no_answer,0
A00228,P0077,2025-08-31,81,3,7.9,8,0,home_care,1.48,fine,0
A02129,P0735,2025-08-31,78,3,1.0,4,2,nursing_facility,,fine,0
A00382,P0130,2025-08-31,45,1,5.3,7,0,home,0.87,readmitted,0
A02042,P0708,2025-08-31,82,1,6.9,7,1,home_care,1.11,fine,0
A00318,P0108,2025-08-31,64,2,4.7,8,2,home,,fine,0
A02342,P0807,2025-09-01,57,3,1.8,7,4,nursing_facility,1.14,fine,0
A02546,P0874,2025-09-01,27,5,3.9,11,3,home,,fine,0
A01807,P0625,2025-09-01,60,3,2.7,4,1,home,1.32,readmitted,1
A02092,P0724,2025-09-01,77,4,1.4,9,3,home,,fine,0
A01055,P0363,2025-09-01,79,4,7.6,10,4,home_care,,fine,0
A00312,P0106,2025-09-01,68,1,3.0,3,0,home,1.02,fine,0
A02561,P0880,2025-09-01,78,1,4.6,6,0,home,1.42,fine,0
A02133,P0735,2025-09-01,78,3,2.3,7,1,nursing_facility,,fine,0
A01778,P0618,2025-09-01,44,3,4.9,8,1,home,1.87,no_answer,0
A00455,P0152,2025-09-01,55,3,2.1,8,3,home,1.72,no_answer,0
A01939,P0674,2025-09-02,29,0,7.5,7,0,home,1.5,fine,0
A02001,P0695,2025-09-02,88,2,5.2,5,3,home,1.26,fine,0
A01252,P0429,2025-09-02,79,1,6.0,7,1,home_care,1.25,no_answer,0
A01550,P0537,2025-09-02,41,2,4.2,9,1,home_care,1.75,fine,0
A00668,P0225,2025-09-02,29,1,1.0,7,0,home,,no_answer,0
A00899,P0306,2025-09-02,41,2,1.7,11,0,home_care,1.41,no_answer,0
A01005,P0345,2025-09-02,66,2,8.2,4,2,home,1.72,fine,0
A02601,P0893,2025-09-02,75,1,1.6,5,1,home,1.23,fine,0
A02553,P0877,2025-09-02,60,2,2.1,10,2,home_care,1.52,fine,0
A01902,P0659,2025-09-03,31,5,7.5,8,2,home,,fine,0
A01505,P0521,2025-09-03,23,1,2.0,5,0,home,,fine,0
A01015,P0348,2025-09-03,74,0,11.4,2,0,home,1.34,fine,0
A01680,P0582,2025-09-03,86,0,3.3,4,0,home,1.27,fine,0
A01863,P0646,2025-09-03,88,3,5.6,6,3,home,1.41,fine,0
A00959,P0327,2025-09-03,26,3,7.0,8,1,nursing_facility,,no_answer,0
A01829,P0633,2025-09-03,88,1,2.6,6,1,home,1.13,fine,0
A02274,P0780,2025-09-03,82,1,1.2,9,1,home,1.1,fine,0
A00261,P0088,2025-09-04,72,1,7.0,6,1,home,1.14,no_answer,0
A01453,P0503,2025-09-04,59,3,2.1,9,1,home,1.61,fine,0
A01140,P0389,2025-09-04,30,3,2.8,7,2,home,1.62,fine,0
A00824,P0278,2025-09-04,87,0,4.7,7,1,home,,no_answer,0
A01374,P0474,2025-09-04,68,2,4.7,10,3,home_care,1.28,no_answer,0
A00517,P0173,2025-09-04,61,2,5.8,11,0,nursing_facility,,fine,0
A02349,P0809,2025-09-04,25,2,2.9,3,0,home,0.9,fine,0
A01121,P0383,2025-09-04,61,1,1.3,9,0,home,,fine,1
A00544,P0182,2025-09-05,92,1,15.8,4,2,home_care,1.51,fine,0
A02238,P0770,2025-09-05,88,3,3.4,8,4,home_care,1.32,fine,0
A01597,P0553,2025-09-05,25,1,3.5,5,0,nursing_facility,0.64,fine,0
A02386,P0824,2025-09-05,81,3,10.2,10,1,nursing_facility,,no_answer,0
A02075,P0718,2025-09-05,30,2,4.8,11,2,home,1.05,fine,0
A00472,P0156,2025-09-05,91,0,9.1,5,1,home,1.05,no_answer,0
A02574,P0884,2025-09-06,18,2,2.6,6,2,nursing_facility,1.27,fine,0
A00534,P0177,2025-09-06,49,2,3.8,8,1,home,1.21,fine,0
A00805,P0271,2025-09-06,52,0,8.4,7,1,home,1.65,fine,0
A01359,P0466,2025-09-06,53,4,5.3,4,2,home,1.91,fine,0
A01944,P0675,2025-09-06,23,3,3.7,10,1,nursing_facility,1.72,fine,0
A02032,P0706,2025-09-06,93,1,2.8,8,1,home,1.05,fine,0
A00405,P0137,2025-09-07,92,2,2.2,5,0,home,,no_answer,0
A01492,P0517,2025-09-07,62,2,4.6,8,2,home,0.65,fine,0
A01350,P0463,2025-09-07,73,1,2.5,8,5,home,1.22,readmitted,1
A01749,P0607,2025-09-07,76,4,6.2,7,2,home,,fine,0
A01466,P0508,2025-09-07,34,2,3.1,5,0,home,1.93,fine,0
A00005,P0003,2025-09-07,87,3,1.7,6,4,home,1.32,readmitted,1
A01470,P0508,2025-09-08,34,2,1.5,6,1,nursing_facility,0.65,no_answer,0
A00481,P0159,2025-09-08,29,2,2.7,1,0,home_care,1.56,fine,0
A02619,P0898,2025-09-08,50,2,3.6,9,1,nursing_facility,1.27,fine,0
A02118,P0731,2025-09-08,59,6,6.4,8,4,nursing_facility,2.12,readmitted,1
A00690,P0233,2025-09-08,80,1,4.1,6,0,nursing_facility,0.91,fine,0
A02338,P0806,2025-09-08,40,4,2.4,8,3,home,1.27,no_answer,1
A01824,P0631,2025-09-08,81,1,6.5,10,0,home,1.31,fine,0
A01942,P0675,2025-09-08,23,3,9.1,12,4,home,1.44,no_answer,0
A01346,P0462,2025-09-08,24,1,6.9,7,1,home,1.53,fine,0
A01240,P0424,2025-09-08,29,2,2.9,10,0,home_care,1.43,fine,0
A00301,P0101,2025-09-08,45,3,1.4,6,2,home,,fine,0
A00496,P0164,2025-09-09,36,1,2.5,6,0,home_care,,fine,0
A02196,P0758,2025-09-09,60,2,4.0,7,3,home,,no_answer,1
A01106,P0376,2025-09-09,37,3,9.3,5,3,home,1.32,readmitted,1
A01649,P0570,2025-09-09,80,0,2.6,5,0,home,1.34,fine,0
A00986,P0338,2025-09-09,27,2,5.4,2,1,home,1.24,fine,0
A01541,P0535,2025-09-09,38,2,8.2,7,3,home_care,,no_answer,0
A01229,P0419,2025-09-09,21,2,5.6,5,2,home,1.72,fine,0
A01740,P0603,2025-09-10,32,4,2.3,10,2,home,1.66,fine,0
A00061,P0019,2025-09-10,54,3,2.2,4,2,home,0.34,fine,0
A00974,P0333,2025-09-10,63,1,3.9,7,0,home,,fine,0
A00176,P0057,2025-09-10,66,2,13.4,10,1,nursing_facility,0.94,fine,0
A02098,P0725,2025-09-10,39,1,2.9,9,2,home,,fine,0
A00109,P0035,2025-09-10,79,1,9.1,7,0,home,1.74,no_answer,0
A01323,P0452,2025-09-10,52,3,2.5,8,3,home,1.21,no_answer,0
A00293,P0098,2025-09-10,65,2,2.4,8,0,home,0.7,no_answer,0
A00249,P0083,2025-09-10,85,0,11.6,5,1,home,,fine,0
A02607,P0895,2025-09-11,72,1,3.1,5,1,home,1.38,fine,0
A01837,P0637,2025-09-11,28,4,5.2,9,1,home_care,,no_answer,0
A02140,P0737,2025-09-11,85,4,3.5,5,2,home_care,1.29,no_answer,0
A00884,P0301,2025-09-11,37,0,4.3,5,1,home,,readmitted,1
A01682,P0583,2025-09-11,32,0,7.7,8,0,home_care,1.55,readmitted,1
A00774,P0261,2025-09-11,91,4,3.6,9,1,home,1.4,fine,0
A00985,P0338,2025-09-11,27,2,3.7,9,2,home,1.43,no_answer,0
A00923,P0316,2025-09-11,74,1,5.0,6,1,home,1.42,no_answer,0
A00164,P0052,2025-09-11,92,1,5.9,4,1,home,1.66,fine,0
A00901,P0307,2025-09-12,73,0,1.0,2,0,nursing_facility,,fine,0
A02310,P0794,2025-09-12,78,1,5.6,8,2,nursing_facility,1.57,readmitted,1
A01528,P0531,2025-09-12,24,3,1.9,13,1,home,1.69,no_answer,0
A00106,P0034,2025-09-12,80,1,6.0,7,1,home_care,0.7,fine,0
A02085,P0721,2025-09-12,38,0,4.4,4,2,home,,fine,0
A01758,P0609,2025-09-12,73,3,4.0,9,1,home_care,1.65,fine,0
A00307,P0105,2025-09-12,22,1,14.6,8,1,home,0.92,fine,0
A01581,P0547,2025-09-12,86,2,2.2,6,1,home,1.52,fine,0
A02590,P0888,2025-09-13,57,1,1.4,2,2,home,,no_answer,0
A02308,P0794,2025-09-13,78,1,1.0,6,1,home_care,1.7,fine,1
A01924,P0667,2025-09-13,32,1,1.0,11,2,home,0.76,no_answer,0
A00937,P0319,2025-09-13,21,1,1.0,11,1,home,1.05,fine,0
A02523,P0867,2025-09-13,60,1,3.8,6,0,home,1.34,fine,0
A02033,P0706,2025-09-14,93,1,4.4,7,2,nursing_facility,0.93,no_answer,0
A01973,P0684,2025-09-14,52,5,2.0,14,8,home,,readmitted,1
A00144,P0046,2025-09-14,26,6,6.0,14,1,home_care,1.34,fine,0
A02038,P0707,2025-09-14,56,3,1.4,3,5,home,1.08,fine,0
A00478,P0158,2025-09-14,39,0,3.5,4,3,home,,fine,0
A02514,P0864,2025-09-14,91,0,3.1,4,0,home,1.09,readmitted,1
A01621,P0562,2025-09-14,43,0,1.7,5,0,home_care,0.67,fine,0
A01804,P0625,2025-09-15,60,3,1.5,10,2,nursing_facility,,readmitted,1
A00564,P0186,2025-09-15,76,1,1.0,4,0,nursing_facility,,fine,0
A00779,P0262,2025-09-15,84,3,13.3,7,0,home,1.27,readmitted,1
A01305,P0447,2025-09-15,67,1,8.1,6,0,home,1.67,fine,0
A00747,P0252,2025-09-15,32,4,7.9,7,2,home,,no_answer,0
A00582,P0193,2025-09-15,19,0,3.5,3,0,nursing_facility,,fine,0
A00983,P0337,2025-09-15,41,1,5.6,4,2,home_care,1.34,fine,0
A01575,P0546,2025-09-15,31,3,6.2,8,1,home,0.98,no_answer,0
A02136,P0736,2025-09-15,32,1,7.7,7,0,home,,fine,0
A02202,P0759,2025-09-15,88,2,7.2,6,0,home,,fine,0
A02201,P0759,2025-09-15,88,2,6.2,9,0,home,1.88,fine,0
A00351,P0120,2025-09-16,51,2,1.2,7,0,home,,no_answer,0
A01548,P0536,2025-09-16,82,2,6.1,9,2,home_care,,no_answer,1
A00431,P0145,2025-09-16,85,0,1.3,6,1,home,,fine,0
A00132,P0043,2025-09-16,30,3,3.6,10,2,home_care,1.45,fine,0
A00555,P0184,2025-09-16,61,3,4.7,15,1,home,,no_answer,0
A01130,P0386,2025-09-16,41,3,8.0,6,2,nursing_facility,1.71,readmitted,1
A01724,P0598,2025-09-16,64,5,4.8,13,6,nursing_facility,,fine,0
A01167,P0399,2025-09-16,59,1,7.5,7,1,home,1.58,no_answer,0
A01186,P0405,2025-09-17,65,2,8.4,9,0,home_care,0.79,no_answer,0
A01731,P0601,2025-09-17,67,1,2.6,6,2,home,0.58,no_answer,1
A02002,P0695,2025-09-17,88,2,5.7,10,1,home,,fine,0
A01922,P0665,2025-09-17,75,1,11.9,7,1,home,1.47,fine,0
A00335,P0113,2025-09-18,80,0,7.4,7,0,home,,fine,0
A00370,P0125,2025-09-18,70,2,2.0,2,2,home,,readmitted,1
A01791,P0620,2025-09-18,51,3,5.8,5,1,home,1.24,readmitted,0
A00205,P0070,2025-09-18,85,1,14.9,9,1,home_care,,no_answer,0
A00267,P0090,2025-09-18,21,2,1.5,7,3,home,1.36,fine,0
A00662,P0223,2025-09-18,88,1,18.2,2,0,home,0.54,no_answer,0
A00628,P0211,2025-09-18,44,0,2.5,9,2,home,1.04,fine,0
A01232,P0420,2025-09-18,62,3,3.6,6,2,home,,fine,0
A00348,P0117,2025-09-19,93,1,2.8,4,1,home,1.41,no_answer,0
A01683,P0584,2025-09-20,22,5,3.6,8,4,home,1.77,fine,0
A01153,P0394,2025-09-20,53,3,2.6,9,1,home,2.27,fine,0
A00208,P0072,2025-09-20,73,1,3.4,8,2,home,,fine,0
A01522,P0528,2025-09-20,83,1,6.3,5,0,home_care,1.38,fine,0
A00580,P0192,2025-09-20,22,3,1.3,8,1,home,1.85,no_answer,0
A02537,P0872,2025-09-20,88,2,6.1,8,1,home,1.42,readmitted,1
A02483,P0855,2025-09-20,49,1,3.5,4,0,nursing_facility,0.45,fine,0
A01628,P0565,2025-09-20,22,3,5.6,5,3,home,1.59,readmitted,1
A01606,P0557,2025-09-21,77,1,2.0,5,1,nursing_facility,,fine,0
A00963,P0330,2025-09-21,87,3,7.6,8,3,home,1.79,fine,0
A00703,P0238,2025-09-22,83,2,5.5,8,2,home_care,,no_answer,0
A02096,P0725,2025-09-22,39,1,6.8,3,0,home_care,1.56,fine,0
A02209,P0761,2025-09-22,21,1,17.9,7,1,home,0.88,fine,0
A00907,P0310,2025-09-22,88,1,6.3,1,1,home,0.96,no_answer,0
A01268,P0433,2025-09-22,84,3,3.6,7,1,home,1.51,readmitted,1
A00713,P0241,2025-09-23,19,4,10.5,9,2,home_care,1.82,no_answer,0
A00777,P0261,2025-09-23,91,4,3.5,11,0,home,1.89,fine,0
A02210,P0762,2025-09-23,76,2,2.0,5,2,home_care,1.36,readmitted,0
A02605,P0894,2025-09-23,89,1,9.4,6,0,home,1.37,fine,0
A01938,P0673,2025-09-23,77,0,1.4,4,0,home,,no_answer,0
A01755,P0609,2025-09-23,73,3,1.8,9,3,home,,no_answer,0
A00718,P0242,2025-09-24,84,5,4.0,9,0,home,1.53,readmitted,1
A00762,P0257,2025-09-24,31,1,1.0,5,2,nursing_facility,,fine,0
A01801,P0624,2025-09-24,92,2,6.6,12,0,home,,fine,0
A00204,P0070,2025-09-24,85,1,1.5,6,2,nursing_facility,,fine,0
A00991,P0340,2025-09-24,76,1,1.4,7,3,home_care,,fine,0
A00882,P0301,2025-09-24,37,0,3.7,3,1,nursing_facility,1.22,fine,0
A01619,P0561,2025-09-24,69,2,6.0,7,2,home,1.15,fine,1
A00516,P0173,2025-09-24,61,2,1.6,5,1,home,1.6,fine,0
A01508,P0522,2025-09-25,33,2,3.0,4,2,home_care,,fine,0
A02221,P0766,2025-09-25,93,3,2.7,12,0,nursing_facility,1.15,fine,0
A00568,P0188,2025-09-25,54,2,7.4,12,0,home,0.9,fine,0
A02314,P0796,2025-09-25,48,0,10.5,4,2,home,1.31,readmitted,1
A02346,P0808,2025-09-25,39,1,2.2,8,0,home_care,,fine,0
A02299,P0791,2025-09-25,30,2,5.6,7,3,nursing_facility,,fine,0
A00020,P0008,2025-09-25,22,1,5.8,4,2,home_care,1.18,fine,0
A01786,P0619,2025-09-25,83,0,3.3,4,0,home_care,0.76,no_answer,0
A00724,P0244,2025-09-25,55,1,6.0,4,0,home,0.45,fine,0
A01933,P0671,2025-09-26,34,3,2.4,9,4,home,,fine,0
A00523,P0174,2025-09-26,22,0,7.3,6,0,home,,fine,0
A00239,P0081,2025-09-26,38,2,11.9,7,0,nursing_facility,1.24,fine,0
A00857,P0292,2025-09-26,25,1,2.3,5,2,home,,fine,0
A02449,P0843,2025-09-26,77,2,1.9,5,0,nursing_facility,1.36,no_answer,0
A01580,P0547,2025-09-26,86,2,8.3,2,2,home,1.35,fine,0
A01954,P0679,2025-09-26,20,2,3.4,5,2,home,1.74,fine,0
A01487,P0515,2025-09-27,75,1,3.8,4,1,home_care,0.69,no_answer,0
A01221,P0416,2025-09-27,87,1,7.5,8,1,home,,no_answer,0
A01489,P0516,2025-09-27,77,3,1.0,13,3,home_care,1.25,no_answer,0
A01118,P0382,2025-09-27,92,1,7.7,8,2,home,,fine,0
A00636,P0214,2025-09-27,39,0,5.0,4,1,home,0.52,no_answer,0
A00262,P0088,2025-09-27,72,1,1.0,8,2,home,,fine,0
A01173,P0400,2025-09-27,67,3,8.5,9,3,home,,fine,0
A00355,P0120,2025-09-28,51,2,1.9,9,2,home,,fine,0
A00479,P0158,2025-09-28,39,0,3.7,5,0,home,0.97,fine,0
A02110,P0728,2025-09-28,72,1,3.8,11,2,home_care,1.33,fine,0
A00737,P0248,2025-09-28,24,1,6.1,5,1,home,1.18,fine,0
A00108,P0035,2025-09-28,79,1,12.1,6,0,home,1.48,no_answer,0
A00888,P0302,2025-09-28,78,3,1.9,8,1,nursing_facility,1.31,readmitted,1
A00379,P0128,2025-09-29,61,0,9.3,5,0,home,1.18,fine,0
A02267,P0779,2025-09-29,76,0,4.1,5,0,home_care,0.87,fine,0
A00340,P0115,2025-09-29,47,2,14.7,6,0,home,1.68,no_answer,0
A01392,P0479,2025-09-29,90,1,3.4,3,0,home_care,,fine,0
A00433,P0146,2025-09-30,25,1,2.0,9,2,home,0.63,no_answer,0
A00822,P0278,2025-09-30,87,0,1.3,5,0,home,,fine,0
A02262,P0777,2025-09-30,81,1,2.1,7,3,home_care,1.34,no_answer,0
A02057,P0712,2025-09-30,61,1,3.8,9,2,home,,fine,0
A00096,P0032,2025-09-30,57,2,6.5,7,1,home,1.61,no_answer,0
A02423,P0834,2025-09-30,73,2,1.0,10,2,home_care,,no_answer,0
A01948,P0677,2025-09-30,54,3,1.5,3,3,nursing_facility,1.84,fine,0
A00715,P0241,2025-09-30,19,4,8.3,12,3,home,1.44,fine,0
A02351,P0809,2025-09-30,25,2,6.3,6,0,nursing_facility,0.82,fine,0
A01483,P0514,2025-09-30,44,2,24.1,6,1,home,,fine,0
A02397,P0826,2025-10-01,34,3,4.4,11,0,home,1.39,fine,0
A01562,P0543,2025-10-01,32,1,3.7,5,1,home,1.04,fine,0
A02108,P0728,2025-10-01,72,1,6.0,6,1,nursing_facility,0.45,fine,0
A01689,P0585,2025-10-01,79,2,2.3,11,0,home,,fine,0
A01040,P0357,2025-10-01,74,2,4.0,11,0,home,,fine,0
A01871,P0648,2025-10-01,46,1,8.1,10,1,home,1.4,fine,0
A00290,P0097,2025-10-01,57,1,2.2,10,1,home,,no_answer,0
A01579,P0547,2025-10-01,86,2,1.5,10,0,home_care,,fine,0
A02501,P0861,2025-10-01,74,5,1.8,14,1,home,,fine,0
A01614,P0560,2025-10-01,83,2,10.5,6,1,nursing_facility,0.88,readmitted,1
A02245,P0773,2025-10-01,85,2,4.8,6,1,home,,fine,0
A00743,P0251,2025-10-01,35,3,2.7,13,1,home_care,0.76,no_answer,0
A00876,P0298,2025-10-01,59,5,12.5,6,5,home,1.36,readmitted,1
A01225,P0418,2025-10-02,19,2,3.1,12,2,home,1.48,fine,0
A02175,P0750,2025-10-02,70,4,11.6,10,1,home_care,1.54,readmitted,1
A01045,P0359,2025-10-02,26,3,3.8,7,0,home_care,1.25,no_answer,0
A00854,P0291,2025-10-02,89,1,3.2,5,1,home,,fine,0
A02400,P0827,2025-10-02,51,1,3.3,4,2,home_care,1.21,fine,0
A00954,P0326,2025-10-03,63,4,11.2,8,2,home,,readmitted,1
A00186,P0060,2025-10-03,38,1,2.4,8,1,home,,no_answer,0
A01410,P0487,2025-10-03,68,0,1.1,4,1,home,,no_answer,0
A01275,P0435,2025-10-03,79,2,6.8,4,3,home,,fine,0
A01000,P0344,2025-10-03,49,1,6.5,13,0,home,,fine,0
A01624,P0563,2025-10-03,46,1,4.6,2,2,home,,no_answer,0
A01004,P0344,2025-10-03,49,1,1.0,6,1,home,,fine,0
A01661,P0574,2025-10-03,75,5,4.3,8,1,home,1.77,readmitted,1
A02464,P0850,2025-10-03,68,3,4.8,8,1,nursing_facility,1.21,fine,0
A01089,P0372,2025-10-04,31,1,3.9,4,3,home,0.8,no_answer,0
A02438,P0840,2025-10-04,21,2,1.4,8,1,home_care,0.76,no_answer,0
A01841,P0639,2025-10-04,76,2,5.2,9,5,home,1.27,fine,0
A01751,P0608,2025-10-04,42,5,2.9,6,3,home,1.23,no_answer,0
A01112,P0378,2025-10-04,72,3,1.0,4,3,home,1.45,fine,0
A02067,P0716,2025-10-05,90,0,9.2,4,1,home_care,1.11,fine,0
A01823,P0630,2025-10-05,20,1,6.1,6,0,nursing_facility,1.49,fine,0
A01620,P0561,2025-10-06,69,2,1.0,9,1,home,,fine,0
A00670,P0225,2025-10-06,29,1,4.9,7,2,home,1.3,fine,0
A00026,P0010,2025-10-06,39,2,1.5,5,1,home,1.91,fine,0
A00785,P0264,2025-10-06,93,2,1.2,3,2,nursing_facility,1.38,fine,0
A00518,P0173,2025-10-06,61,2,5.0,10,2,home_care,,no_answer,1
A00327,P0110,2025-10-06,35,2,2.1,8,1,home,,no_answer,0
A01129,P0386,2025-10-07,41,3,5.0,7,2,home,1.38,readmitted,1
A02567,P0882,2025-10-07,42,1,7.7,8,0,home_care,,no_answer,0
A02376,P0820,2025-10-07,53,2,1.1,7,2,home,0.85,fine,0
A01999,P0694,2025-10-07,37,2,1.0,3,1,nursing_facility,1.12,fine,0
A02312,P0795,2025-10-07,30,1,6.3,2,0,home,1.13,fine,0
A00280,P0094,2025-10-07,36,2,10.3,8,1,home,0.86,no_answer,0
A01848,P0641,2025-10-07,94,1,5.9,6,0,home_care,1.27,no_answer,0
A01719,P0596,2025-10-07,24,2,4.6,5,1,home,,fine,0
A02030,P0705,2025-10-08,20,2,4.3,10,0,nursing_facility,1.22,fine,0
A01031,P0354,2025-10-08,71,2,6.6,8,3,home_care,1.25,no_answer,0
A00801,P0270,2025-10-08,34,6,1.5,6,4,home_care,2.23,no_answer,0
A01014,P0348,2025-10-08,74,0,10.3,3,0,home,,fine,0
A01099,P0374,2025-10-08,51,0,8.3,0,3,home,1.77,fine,0
A01884,P0653,2025-10-08,25,3,1.0,5,3,home_care,1.29,fine,0
A02552,P0876,2025-10-09,23,1,1.0,4,1,home,,fine,0
A02282,P0783,2025-10-09,83,4,5.7,6,1,home,1.77,fine,0
A00565,P0187,2025-10-09,60,2,1.5,8,1,home,1.57,no_answer,0
A00929,P0317,2025-10-09,33,3,3.3,6,2,home,1.12,no_answer,0
A01383,P0476,2025-10-09,30,2,8.0,9,3,home,1.47,readmitted,1
A00254,P0084,2025-10-09,32,1,1.1,3,2,nursing_facility,1.58,fine,0
A01915,P0663,2025-10-10,52,3,6.1,14,2,home,,fine,0
A00378,P0128,2025-10-10,61,0,2.4,8,0,home,,fine,0
A00449,P0150,2025-10-10,83,2,12.8,8,0,nursing_facility,,fine,0
A00843,P0286,2025-10-10,90,3,6.5,11,2,home,1.89,fine,0
A01073,P0368,2025-10-10,80,1,3.9,6,0,home_care,1.32,readmitted,0
A00177,P0057,2025-10-10,66,2,4.0,5,1,nursing_facility,1.35,no_answer,1
A01839,P0638,2025-10-10,20,0,7.6,5,0,home_care,1.55,fine,0
A01035,P0356,2025-10-10,86,2,1.9,9,2,home,,fine,0
A00717,P0242,2025-10-10,84,5,2.2,17,0,home,1.84,no_answer,1
A02189,P0754,2025-10-11,74,0,9.6,3,2,home,1.09,fine,0
A01806,P0625,2025-10-11,60,3,7.1,11,2,home_care,,readmitted,1
A00471,P0155,2025-10-11,87,1,1.0,6,0,home_care,0.77,fine,0
A02547,P0875,2025-10-11,66,2,2.5,12,2,home_care,,no_answer,0
A02242,P0772,2025-10-11,83,0,1.0,3,0,home,1.17,readmitted,0
A01408,P0487,2025-10-11,68,0,1.9,7,1,home_care,,no_answer,0
A00120,P0040,2025-10-11,53,2,2.6,10,5,home_care,1.17,fine,0
A02313,P0795,2025-10-11,30,1,5.8,8,0,nursing_facility,1.16,fine,0
A00300,P0101,2025-10-11,45,3,5.3,12,1,home_care,,fine,0
A00248,P0083,2025-10-12,85,0,1.7,5,0,home_care,,fine,0
A01051,P0361,2025-10-12,88,0,2.5,3,0,nursing_facility,1.02,no_answer,0
A00630,P0211,2025-10-12,44,0,5.3,3,0,home,,fine,0
A01646,P0569,2025-10-12,76,0,10.1,5,0,nursing_facility,0.95,fine,0
A00873,P0297,2025-10-13,58,2,1.4,8,2,home,1.66,fine,0
A00446,P0149,2025-10-13,28,0,4.8,4,0,home,0.83,readmitted,0
A00363,P0123,2025-10-13,67,5,8.3,7,3,home,1.78,no_answer,0
A00632,P0212,2025-10-14,22,1,4.9,6,1,home,,no_answer,0
A01159,P0396,2025-10-14,61,1,3.5,7,1,home,1.31,fine,0
A01100,P0375,2025-10-14,19,0,5.8,6,1,nursing_facility,1.09,fine,0
A00459,P0152,2025-10-14,55,3,10.1,10,1,home,2.03,readmitted,1
A02478,P0853,2025-10-14,54,1,2.2,4,0,home,1.16,fine,0
A00260,P0087,2025-10-14,83,4,3.4,11,2,home,,readmitted,1
A01668,P0577,2025-10-14,75,1,4.4,6,1,home,0.89,no_answer,0
A00292,P0098,2025-10-14,65,2,1.5,8,0,home,,fine,0
A01473,P0509,2025-10-14,43,4,4.8,2,3,home,2.03,fine,0
A00864,P0294,2025-10-15,37,1,8.7,2,1,home,0.94,fine,0
A01429,P0494,2025-10-15,32,2,4.8,12,2,home,1.1,fine,0
A02375,P0820,2025-10-15,53,2,3.8,8,2,home_care,1.19,fine,0
A01872,P0648,2025-10-15,46,1,12.6,8,1,home_care,1.23,fine,0
A02097,P0725,2025-10-15,39,1,1.0,4,2,home,1.01,fine,0
A00172,P0055,2025-10-15,88,2,4.7,7,1,home_care,,fine,0
A00368,P0125,2025-10-15,70,2,1.1,8,3,home_care,1.5,readmitted,1
A02068,P0717,2025-10-16,32,6,7.7,7,9,home,1.97,readmitted,1
A01389,P0478,2025-10-16,66,3,2.0,10,1,home,1.63,no_answer,0
A00116,P0038,2025-10-16,44,1,5.6,2,2,home,,fine,0
A02115,P0730,2025-10-16,55,1,2.0,3,0,home,0.9,no_answer,0
A01475,P0511,2025-10-16,53,2,11.6,7,1,home,1.34,fine,0
A01554,P0540,2025-10-16,55,1,4.9,6,2,nursing_facility,0.58,fine,0
A00755,P0254,2025-10-16,88,0,10.3,2,1,home_care,0.71,fine,0
A00594,P0199,2025-10-16,27,1,1.6,6,1,nursing_facility,1.01,no_answer,0
A02287,P0786,2025-10-16,92,1,9.0,5,3,home,1.11,readmitted,0
A02119,P0731,2025-10-16,59,6,6.8,14,3,home,1.94,readmitted,1
A01978,P0686,2025-10-16,37,3,2.3,13,0,home,1.15,fine,0
A01028,P0353,2025-10-17,76,0,4.6,5,2,home_care,1.47,readmitted,1
A02602,P0893,2025-10-17,75,1,1.3,6,0,home,,fine,0
A02079,P0719,2025-10-17,69,2,2.3,7,0,home,,fine,0
A00836,P0282,2025-10-17,62,2,9.1,11,3,home,,readmitted,1
A02506,P0862,2025-10-17,91,2,5.0,7,1,home,1.57,no_answer,0
A01681,P0583,2025-10-18,32,0,1.2,5,0,home,0.85,fine,0
A02322,P0801,2025-10-18,43,2,6.0,5,1,home_care,,no_answer,0
A01551,P0538,2025-10-18,76,1,3.2,6,1,home,,no_answer,0
A02392,P0825,2025-10-18,91,3,3.4,5,2,home,1.32,fine,0
A00366,P0124,2025-10-18,60,3,1.7,7,0,home,,fine,0
A02180,P0751,2025-10-18,92,2,4.1,9,3,home,,fine,0
A01320,P0452,2025-10-18,52,3,1.0,11,3,home,1.37,fine,0
A02587,P0888,2025-10-19,57,1,2.8,5,0,home_care,1.15,fine,0
A00968,P0331,2025-10-19,54,2,8.0,6,1,nursing_facility,2.06,fine,0
A00414,P0140,2025-10-19,18,2,2.9,6,1,nursing_facility,,no_answer,0
A01640,P0568,2025-10-19,90,1,3.0,5,1,home,0.88,fine,0
A00722,P0243,2025-10-19,66,1,1.4,4,1,home,1.01,fine,0
A01631,P0565,2025-10-19,22,3,6.8,7,3,home,,fine,0
A02138,P0736,2025-10-19,32,1,1.6,4,1,nursing_facility,1.27,fine,0
A00413,P0139,2025-10-19,34,1,10.7,5,0,home,1.29,fine,0
A01732,P0601,2025-10-20,67,1,3.1,4,4,home,1.36,fine,0
A01479,P0513,2025-10-20,24,3,4.5,8,0,home,,fine,0
A00057,P0018,2025-10-20,27,3,9.3,5,0,home,1.66,fine,0
A01885,P0654,2025-10-20,70,0,4.6,4,1,nursing_facility,1.2,readmitted,0
A02273,P0780,2025-10-20,82,1,5.9,5,2,nursing_facility,1.63,fine,0
A01267,P0433,2025-10-20,84,3,14.6,6,3,home,,readmitted,1
A00987,P0338,2025-10-21,27,2,3.5,8,0,home,1.53,no_answer,0
A01440,P0498,2025-10-21,58,3,5.0,11,2,home,1.14,readmitted,1
A01775,P0616,2025-10-21,54,4,1.9,14,0,home,,readmitted,1
A01864,P0646,2025-10-21,88,3,2.9,13,0,home,,fine,0
A00602,P0201,2025-10-21,92,0,13.2,4,0,home_care,1.06,readmitted,1
A02430,P0836,2025-10-21,52,1,10.3,4,0,home,1.11,readmitted,1
A01868,P0647,2025-10-21,81,2,1.0,10,0,home_care,,fine,0
A01540,P0535,2025-10-21,38,2,6.6,7,2,home,0.94,readmitted,1
A00150,P0048,2025-10-21,52,0,7.1,2,0,home_care,0.62,fine,0
A02053,P0711,2025-10-21,31,2,13.7,5,2,home_care,1.62,fine,0
A01886,P0654,2025-10-21,70,0,6.9,10,0,home,0.47,fine,0
A02056,P0712,2025-10-22,61,1,4.1,4,0,home,,fine,0
A02557,P0878,2025-10-22,76,3,1.0,9,1,home,0.89,fine,0
A01066,P0366,2025-10-22,86,1,1.0,6,0,home,,no_answer,0
A01783,P0619,2025-10-23,83,0,3.1,2,0,home,1.74,fine,0
A00587,P0195,2025-10-23,46,0,6.4,5,1,home_care,1.01,fine,0
A01119,P0382,2025-10-23,92,1,1.1,5,3,home_care,0.97,fine,0
A01997,P0694,2025-10-23,37,2,1.0,4,2,home,1.3,fine,0
A00473,P0156,2025-10-23,91,0,6.4,5,0,home_care,,fine,0
A02350,P0809,2025-10-23,25,2,14.7,2,0,home,1.57,fine,0
A01882,P0652,2025-10-23,51,2,8.4,6,1,home_care,1.3,no_answer,0
A02440,P0841,2025-10-24,60,1,2.4,7,0,home_care,1.13,fine,0
A00817,P0276,2025-10-24,91,2,1.3,8,1,home_care,1.35,no_answer,0
A00440,P0147,2025-10-24,68,1,4.0,8,2,home,0.62,fine,0
A02320,P0799,2025-10-24,63,0,2.3,5,1,nursing_facility,0.25,no_answer,0
A01785,P0619,2025-10-24,83,0,6.3,5,2,home,1.01,fine,0
A01398,P0482,2025-10-24,30,1,3.7,5,0,home_care,1.25,fine,0
A00760,P0256,2025-10-24,26,1,1.2,7,1,home,,fine,0
A00416,P0141,2025-10-25,69,2,11.0,4,0,home,,fine,0
A01420,P0491,2025-10-25,47,4,3.4,17,2,home_care,1.86,fine,0
A02261,P0777,2025-10-25,81,1,6.6,5,1,home,,fine,0
A01251,P0428,2025-10-25,27,2,11.5,5,0,home,,fine,0
A01900,P0659,2025-10-26,31,5,6.2,12,4,home,1.63,no_answer,0
A00441,P0148,2025-10-26,59,0,7.3,3,1,home_care,1.5,no_answer,0
A02213,P0762,2025-10-26,76,2,4.5,12,1,home,0.55,fine,0
A00677,P0228,2025-10-26,41,2,3.2,7,2,home,,fine,0
A01108,P0377,2025-10-27,37,3,1.0,11,4,home,,fine,0
A02435,P0839,2025-10-27,34,2,7.0,10,1,home,1.58,fine,0
A01617,P0561,2025-10-27,69,2,9.3,8,5,home,,fine,1
A00617,P0208,2025-10-27,51,2,6.5,5,0,home_care,0.87,readmitted,1
A00133,P0043,2025-10-27,30,3,1.0,10,0,home,1.39,fine,0
A02358,P0811,2025-10-27,92,2,3.3,11,3,home_care,1.18,fine,0
A01138,P0389,2025-10-27,30,3,10.1,5,3,home,1.67,no_answer,0
A01501,P0520,2025-10-28,30,1,1.1,6,1,nursing_facility,0.92,fine,0
A01983,P0689,2025-10-28,22,1,3.8,2,1,home,,no_answer,0
A01289,P0439,2025-10-28,77,2,4.6,4,0,nursing_facility,1.26,fine,0
A00841,P0284,2025-10-28,82,1,1.5,5,0,nursing_facility,,fine,0
A00492,P0162,2025-10-28,75,1,11.2,8,0,home,,no_answer,0
A01950,P0678,2025-10-28,29,4,6.8,11,1,nursing_facility,,fine,0
A00498,P0164,2025-10-28,36,1,16.1,3,0,home,,no_answer,0
A01407,P0486,2025-10-28,94,1,2.2,8,1,nursing_facility,,fine,0
A02269,P0779,2025-10-28,76,0,9.0,8,0,home,1.48,no_answer,0
A01833,P0635,2025-10-29,47,3,22.3,4,2,home,1.0,readmitted,1
A01510,P0523,2025-10-29,76,0,12.7,5,0,home,0.46,no_answer,0
A00357,P0121,2025-10-29,64,2,4.2,8,2,nursing_facility,0.81,fine,0
A00880,P0299,2025-10-29,91,2,3.8,4,2,home,,fine,0
A01237,P0422,2025-10-29,82,2,4.4,5,1,home_care,1.21,fine,0
A00878,P0299,2025-10-29,91,2,3.9,8,1,home,1.21,fine,0
A01367,P0470,2025-10-29,44,2,5.7,3,1,home,0.98,fine,0
A01935,P0671,2025-10-29,34,3,10.6,6,2,home_care,,fine,0
A02614,P0897,2025-10-30,60,2,9.9,9,2,nursing_facility,1.5,no_answer,0
A00364,P0123,2025-10-30,67,5,5.7,9,3,home,2.19,fine,0
A01262,P0432,2025-10-30,69,1,1.5,8,0,home_care,0.99,fine,0
A02615,P0897,2025-10-30,60,2,4.0,8,0,home,,no_answer,0
A01573,P0546,2025-10-30,31,3,7.6,10,1,home,1.32,fine,0
A02232,P0768,2025-10-30,57,0,1.7,8,2,home_care,0.88,fine,0
A02021,P0702,2025-10-30,57,2,2.3,6,0,home,1.45,fine,0
A00870,P0297,2025-10-30,58,2,5.0,9,2,nursing_facility,0.97,no_answer,0
A00601,P0201,2025-10-30,92,0,2.9,6,1,home,,readmitted,1
A00687,P0232,2025-10-31,75,3,1.9,8,3,home,1.64,fine,0
A02361,P0812,2025-10-31,47,2,3.8,10,1,home,1.16,no_answer,0
A02566,P0882,2025-10-31,42,1,1.0,6,1,home,,fine,0
A02575,P0884,2025-10-31,18,2,11.2,8,3,nursing_facility,1.83,fine,0
A01889,P0654,2025-10-31,70,0,10.7,8,1,home,,fine,0
A00548,P0182,2025-10-31,92,1,12.0,3,0,home,1.12,fine,0
A01469,P0508,2025-10-31,34,2,6.1,7,1,home,1.12,fine,0
A01188,P0406,2025-11-01,36,1,7.3,11,1,home,,no_answer,0
A01715,P0595,2025-11-01,82,1,2.3,5,0,home,1.44,fine,0
A00297,P0099,2025-11-01,85,1,4.1,3,0,home,,fine,0
A01535,P0533,2025-11-01,87,3,1.3,4,1,home,,fine,0
A01907,P0660,2025-11-01,59,1,1.5,8,1,home,1.59,fine,0
A01110,P0378,2025-11-01,72,3,4.3,8,0,home,1.66,fine,0
A01493,P0517,2025-11-01,62,2,3.8,14,0,home,1.11,fine,0
A02568,P0882,2025-11-02,42,1,10.7,4,0,nursing_facility,,no_answer,0
A00867,P0294,2025-11-02,37,1,2.9,3,1,home,1.18,fine,0
A01185,P0405,2025-11-02,65,2,10.4,13,0,home,,no_answer,0
A00298,P0100,2025-11-02,70,3,1.9,6,4,nursing_facility,1.45,no_answer,0
A01760,P0610,2025-11-02,33,2,3.7,11,2,home,,fine,0
A00634,P0213,2025-11-02,63,2,5.4,1,3,home,,fine,0
A00671,P0226,2025-11-02,49,3,7.3,6,2,home,,no_answer,1
A01061,P0365,2025-11-02,85,2,1.4,7,4,home,1.27,no_answer,0
A00453,P0151,2025-11-02,83,1,5.0,5,2,home,1.54,fine,0
A00758,P0256,2025-11-02,26,1,1.8,8,2,home,0.35,fine,0
A00962,P0330,2025-11-03,87,3,5.9,4,3,home,1.08,fine,0
A02170,P0747,2025-11-03,90,5,10.3,9,1,home,2.04,no_answer,1
A00265,P0089,2025-11-03,67,1,5.7,6,0,home,1.4,fine,0
A01566,P0544,2025-11-03,19,2,1.8,6,2,home,1.52,fine,0
A01336,P0458,2025-11-03,70,1,4.2,7,1,home,,readmitted,1
A01672,P0579,2025-11-04,87,2,3.7,7,0,home,1.3,fine,0
A00321,P0109,2025-11-04,42,1,1.0,9,1,home,,fine,0
A01960,P0681,2025-11-04,42,3,5.2,8,5,home_care,,fine,0
A00313,P0106,2025-11-04,68,1,6.8,6,0,home,,no_answer,0
A00457,P0152,2025-11-04,55,3,11.7,12,1,nursing_facility,1.52,readmitted,1
A01574,P0546,2025-11-04,31,3,18.5,8,3,nursing_facility,0.92,fine,0
A00372,P0125,2025-11-04,70,2,10.4,6,0,nursing_facility,,readmitted,1
A01743,P0604,2025-11-04,85,1,1.1,6,1,home,0.92,fine,0
A01095,P0373,2025-11-04,20,3,3.6,5,0,home,,readmitted,1
A01911,P0661,2025-11-04,62,1,1.0,6,2,nursing_facility,0.88,no_answer,0
A01651,P0571,2025-11-04,32,3,4.2,17,1,home_care,1.91,no_answer,0
A00334,P0113,2025-11-04,80,0,2.7,4,1,nursing_facility,,no_answer,0
A02058,P0713,2025-11-04,84,4,2.8,8,3,nursing_facility,,fine,0
A00171,P0055,2025-11-05,88,2,8.9,3,2,home,1.24,readmitted,1
A01805,P0625,2025-11-05,60,3,13.9,9,0,home,,readmitted,1
A00161,P0050,2025-11-05,28,1,1.0,4,0,home,,no_answer,0
A01875,P0649,2025-11-05,88,1,6.2,5,1,home,1.38,fine,0
A00411,P0139,2025-11-06,34,1,8.6,5,0,home_care,1.23,no_answer,0
A01286,P0438,2025-11-06,81,2,7.1,4,2,home,1.28,fine,0
A02037,P0707,2025-11-06,56,3,11.4,12,3,nursing_facility,,readmitted,0
A02216,P0763,2025-11-06,42,1,2.1,8,0,nursing_facility,,fine,0
A00831,P0281,2025-11-06,75,0,4.1,6,0,nursing_facility,0.69,fine,0
A02101,P0726,2025-11-06,81,2,1.8,7,3,home_care,1.14,no_answer,0
A01707,P0591,2025-11-06,94,3,1.0,8,0,home,1.23,fine,0
A00507,P0168,2025-11-06,47,4,1.2,6,5,home,,fine,0
A02460,P0848,2025-11-06,79,2,9.5,4,2,home,1.23,fine,0
A01906,P0660,2025-11-06,59,1,4.4,7,1,home,,fine,0
A01517,P0526,2025-11-06,56,2,1.2,6,2,home,1.4,fine,0
A02016,P0701,2025-11-07,35,1,3.4,11,1,home,1.31,fine,0
A02024,P0703,2025-11-07,27,2,7.4,3,0,home,,fine,0
A02533,P0870,2025-11-07,66,0,16.2,2,1,home,1.15,fine,0
A00331,P0111,2025-11-07,29,2,2.2,7,3,home_care,1.7,fine,0
A01343,P0461,2025-11-07,43,1,1.0,5,2,home,1.42,fine,0
A02336,P0805,2025-11-07,29,2,5.8,10,1,home,,fine,0
A00972,P0333,2025-11-08,63,1,3.4,4,1,nursing_facility,1.56,fine,0
A02593,P0890,2025-11-08,75,2,4.5,11,0,home,,fine,0
A00110,P0035,2025-11-08,79,1,1.1,5,2,home,,fine,0
A01674,P0580,2025-11-08,61,2,6.1,6,1,nursing_facility,1.32,fine,0
A02334,P0805,2025-11-08,29,2,3.7,6,1,home,1.3,fine,0
A00404,P0137,2025-11-08,92,2,5.2,9,0,home,,fine,0
A02012,P0700,2025-11-08,75,1,5.9,4,0,home_care,0.77,fine,0
A00526,P0175,2025-11-08,46,0,5.0,4,1,home,,fine,0
A02453,P0845,2025-11-08,23,1,2.9,6,0,home,0.42,fine,0
A00210,P0072,2025-11-08,73,1,11.9,4,2,home,,fine,0
A01615,P0560,2025-11-08,83,2,9.1,9,0,home,,fine,0
A02377,P0820,2025-11-08,53,2,6.3,10,2,home,1.24,fine,0
A01769,P0612,2025-11-09,29,1,8.6,4,2,home,1.12,no_answer,0
A00435,P0146,2025-11-09,25,1,4.7,7,0,home,1.23,fine,0
A00354,P0120,2025-11-09,51,2,1.7,5,2,home_care,0.8,fine,0
A00994,P0341,2025-11-09,53,2,5.4,3,4,nursing_facility,,fine,0
A00365,P0124,2025-11-09,60,3,3.2,6,1,home,1.35,fine,0
A02551,P0876,2025-11-09,23,1,3.3,3,0,home,,no_answer,0
A01434,P0495,2025-11-09,69,2,7.0,7,0,nursing_facility,1.07,fine,0
A02294,P0789,2025-11-09,41,4,6.4,11,0,home,1.52,fine,0
A01075,P0368,2025-11-10,80,1,1.3,5,0,home,0.86,fine,0
A00845,P0288,2025-11-10,46,1,10.6,4,2,home,0.81,fine,0
A00251,P0084,2025-11-10,32,1,5.5,6,3,home,1.14,fine,0
A01570,P0545,2025-11-10,51,4,6.1,7,2,home,1.79,fine,0
A00527,P0175,2025-11-10,46,0,3.9,5,0,home_care,,no_answer,0
A02597,P0891,2025-11-10,52,3,2.9,11,2,home,,fine,0
A00129,P0042,2025-11-10,83,3,2.7,11,3,home,1.77,fine,0
A01373,P0474,2025-11-10,68,2,4.6,9,0,home,1.1,fine,0
A01295,P0442,2025-11-10,56,2,2.8,8,1,home_care,,fine,0
A01382,P0475,2025-11-10,34,2,13.9,6,1,home,1.09,fine,0
A00881,P0300,2025-11-10,75,1,1.0,11,1,home,,fine,0
A00735,P0248,2025-11-11,24,1,1.5,1,0,home,1.51,fine,0
A01397,P0482,2025-11-11,30,1,3.7,7,1,home,,fine,0
A01301,P0446,2025-11-11,47,2,10.4,8,0,home,1.32,readmitted,1
A01376,P0474,2025-11-11,68,2,2.4,4,1,home,1.49,fine,0
A00387,P0131,2025-11-11,36,2,3.8,6,0,nursing_facility,1.52,readmitted,1
A01329,P0455,2025-11-11,66,1,9.6,1,0,home_care,0.95,fine,0
A01692,P0586,2025-11-12,52,2,12.5,6,1,home,1.16,fine,0
A02432,P0838,2025-11-12,50,1,8.1,5,2,nursing_facility,,fine,0
A02288,P0787,2025-11-12,74,1,10.5,5,1,home,,fine,0
A01355,P0465,2025-11-12,84,1,7.8,5,2,home,1.26,fine,0
A00761,P0257,2025-11-12,31,1,7.8,6,1,home,1.5,fine,0
A02099,P0725,2025-11-12,39,1,10.8,9,1,nursing_facility,1.48,no_answer,0
A02199,P0758,2025-11-12,60,2,2.8,13,1,home,,fine,0
A01424,P0492,2025-11-13,82,4,5.8,13,4,home_care,,fine,0
A01472,P0509,2025-11-13,43,4,5.7,5,3,home_care,1.63,fine,0
A02371,P0817,2025-11-13,39,2,2.7,5,1,home,,fine,0
A01084,P0371,2025-11-13,21,3,1.8,7,0,home,1.26,fine,0
A01190,P0406,2025-11-13,36,1,5.8,5,1,home,1.26,fine,0
A01982,P0689,2025-11-13,22,1,9.0,5,2,home,1.1,fine,0
A02139,P0737,2025-11-13,85,4,8.8,11,2,home,1.75,fine,0
A00590,P0196,2025-11-13,79,5,2.5,8,3,home,2.11,fine,0
A02132,P0735,2025-11-13,78,3,5.0,7,0,home,1.69,no_answer,0
A01808,P0626,2025-11-13,19,1,1.7,12,0,home,1.17,fine,0
A01082,P0370,2025-11-14,40,0,8.6,5,0,home,1.1,fine,0
A00040,P0014,2025-11-14,56,2,2.1,8,1,home_care,,fine,0
A01936,P0672,2025-11-15,83,3,1.0,15,2,home,1.16,fine,0
A00509,P0169,2025-11-15,86,1,1.1,7,1,home,1.31,no_answer,0
A01337,P0458,2025-11-15,70,1,3.8,13,0,home_care,0.21,fine,0
A02105,P0727,2025-11-15,57,0,6.2,6,0,home,0.96,no_answer,0
A01843,P0640,2025-11-15,89,0,2.1,9,0,home,,readmitted,0
A00024,P0010,2025-11-15,39,2,3.4,9,0,home,1.36,fine,0
A02360,P0811,2025-11-15,92,2,1.0,8,2,home,1.31,fine,0
A01821,P0630,2025-11-15,20,1,3.7,3,2,home,,fine,0
A01930,P0670,2025-11-15,75,3,4.3,10,2,home,1.42,no_answer,0
A00282,P0095,2025-11-15,59,1,3.5,4,2,home,,readmitted,1
A00816,P0276,2025-11-15,91,2,3.9,2,3,home,,fine,0
A00375,P0127,2025-11-15,29,2,1.8,14,1,home,1.44,readmitted,1
A01245,P0427,2025-11-15,66,0,3.5,9,1,home,0.56,fine,0
A01772,P0614,2025-11-15,44,2,3.3,10,1,home_care,1.76,fine,0
A00243,P0082,2025-11-16,92,2,3.1,10,2,home,,fine,0
A01265,P0433,2025-11-16,84,3,3.4,7,0,home,,no_answer,0
A01136,P0388,2025-11-16,26,3,1.0,8,3,home_care,1.35,fine,0
A00086,P0028,2025-11-16,54,2,1.3,8,2,home,,fine,0
A02197,P0758,2025-11-16,60,2,8.7,8,0,home,1.61,fine,0
A00981,P0337,2025-11-16,41,1,2.0,8,0,home,,fine,0
A00573,P0189,2025-11-17,42,5,4.4,7,1,home,1.67,readmitted,1
A01018,P0350,2025-11-17,70,1,4.6,6,0,home,1.05,fine,0
A00028,P0010,2025-11-17,39,2,5.1,8,0,nursing_facility,1.34,fine,0
A01790,P0620,2025-11-17,51,3,1.0,10,2,home,1.89,fine,0
A01435,P0495,2025-11-17,69,2,4.6,8,2,home_care,,no_answer,0
A01442,P0498,2025-11-17,58,3,2.6,12,4,home,1.54,fine,0
A02046,P0709,2025-11-17,27,6,7.3,13,4,home,,no_answer,0
A00107,P0035,2025-11-17,79,1,1.2,5,2,home,,no_answer,0
A01727,P0600,2025-11-17,42,2,1.7,8,4,home,,fine,0
A01830,P0633,2025-11-17,88,1,6.4,6,0,home,,fine,0
A00401,P0136,2025-11-18,49,2,3.5,7,1,home,,readmitted,1
A02589,P0888,2025-11-18,57,1,3.5,5,1,home,,fine,0
A01467,P0508,2025-11-18,34,2,4.8,4,0,nursing_facility,1.31,fine,0
A00461,P0153,2025-11-18,90,0,3.7,3,2,home,1.34,no_answer,0
A01984,P0690,2025-11-18,90,1,5.3,5,2,home_care,0.6,readmitted,1
A02017,P0701,2025-11-18,35,1,9.2,8,2,home,0.59,no_answer,0
A01722,P0597,2025-11-18,77,4,1.8,17,0,nursing_facility,,fine,0
A00926,P0316,2025-11-18,74,1,1.3,2,2,home,1.46,fine,0
A02340,P0807,2025-11-19,57,3,3.6,14,0,home,,readmitted,1
A00253,P0084,2025-11-19,32,1,9.6,5,2,nursing_facility,,fine,0
A01593,P0552,2025-11-19,52,2,2.7,3,2,home_care,1.34,readmitted,0
A00998,P0343,2025-11-19,66,2,12.1,8,3,home,1.56,fine,0
A00892,P0303,2025-11-19,80,1,4.8,6,0,home_care,0.7,fine,0
A01166,P0399,2025-11-19,59,1,9.9,6,1,nursing_facility,1.21,no_answer,0
A01243,P0425,2025-11-19,26,0,7.9,5,2,home,0.89,no_answer,0
A00203,P0070,2025-11-20,85,1,9.6,11,1,home,1.59,no_answer,0
A01873,P0648,2025-11-20,46,1,6.6,5,1,nursing_facility,,no_answer,0
A00584,P0193,2025-11-20,19,0,9.8,5,1,home,0.91,fine,0
A00415,P0140,2025-11-20,18,2,4.2,3,0,home,1.66,no_answer,0
A00055,P0018,2025-11-20,27,3,2.0,7,1,home,1.06,no_answer,0
A01330,P0455,2025-11-20,66,1,10.4,5,1,nursing_facility,1.02,no_answer,0
A00152,P0048,2025-11-20,52,0,4.0,6,2,home,1.45,fine,0
A00337,P0114,2025-11-20,48,3,2.3,9,2,home,,readmitted,1
A00646,P0216,2025-11-21,84,2,7.4,7,2,home,1.54,fine,0
A01273,P0435,2025-11-21,79,2,8.2,4,2,home,,no_answer,0
A00522,P0174,2025-11-21,22,0,6.5,4,0,nursing_facility,,no_answer,0
A00757,P0256,2025-11-21,26,1,9.2,4,2,home,,no_answer,0
A00799,P0270,2025-11-22,34,6,6.6,8,5,home,,fine,0
A02206,P0760,2025-11-22,79,0,1.3,6,0,home,,no_answer,0
A00840,P0284,2025-11-22,82,1,2.8,3,1,home,,fine,0
A02168,P0747,2025-11-23,90,5,5.0,11,3,home,,readmitted,1
A01054,P0362,2025-11-23,71,1,6.1,6,2,home,,fine,0
A00714,P0241,2025-11-23,19,4,1.0,7,2,home,,fine,0
A02580,P0886,2025-11-23,39,2,1.0,10,0,home,1.17,readmitted,1
A01017,P0350,2025-11-23,70,1,3.4,9,1,home,0.93,fine,0
A01354,P0465,2025-11-24,84,1,4.5,11,2,home,1.74,fine,0
A01097,P0374,2025-11-24,51,0,4.1,6,0,nursing_facility,0.56,readmitted,0
A02193,P0756,2025-11-24,52,3,1.8,5,1,home,1.24,fine,0
A01862,P0645,2025-11-24,72,4,8.5,5,2,home_care,1.21,fine,0
A01665,P0576,2025-11-24,34,0,8.7,6,1,home,0.85,fine,0
A01416,P0490,2025-11-24,63,4,4.1,11,4,nursing_facility,1.26,fine,0
A00250,P0083,2025-11-24,85,0,8.3,4,1,home,,no_answer,0
A01746,P0605,2025-11-24,76,0,5.0,6,1,home,,fine,0
A01599,P0554,2025-11-24,69,2,2.9,8,1,home_care,1.28,no_answer,0
A01714,P0595,2025-11-24,82,1,1.0,4,1,home_care,,fine,0
A01249,P0428,2025-11-25,27,2,5.8,3,3,home,,fine,0
A02078,P0719,2025-11-25,69,2,3.7,5,0,home,,fine,0
A02113,P0729,2025-11-25,66,1,1.4,6,1,home_care,,no_answer,0
A01098,P0374,2025-11-25,51,0,1.7,3,0,home,0.82,no_answer,0
A01043,P0358,2025-11-25,82,2,9.6,6,3,home,0.98,readmitted,1
A00385,P0130,2025-11-25,45,1,6.8,4,2,nursing_facility,1.34,fine,0
A01244,P0426,2025-11-26,41,1,8.1,5,1,nursing_facility,,no_answer,0
A01757,P0609,2025-11-26,73,3,6.0,13,5,home,1.18,fine,0
A01164,P0398,2025-11-26,84,1,12.1,10,1,home,1.19,no_answer,0
A02049,P0710,2025-11-26,30,2,5.4,4,1,home,,fine,0
A01576,P0546,2025-11-26,31,3,5.0,9,1,home,,fine,0
A01853,P0643,2025-11-26,29,1,5.5,7,2,home,1.11,fine,0
A02246,P0773,2025-11-26,85,2,3.2,5,1,home,,fine,0
A00973,P0333,2025-11-26,63,1,1.8,7,1,home_care,,fine,0
A01531,P0532,2025-11-27,74,3,4.2,11,4,home,,no_answer,0
A02389,P0824,2025-11-27,81,3,10.0,9,2,home,1.08,fine,0
A00861,P0293,2025-11-28,23,1,5.4,8,0,home,1.26,fine,0
A01197,P0409,2025-11-28,62,3,2.0,10,2,home_care,1.31,fine,0
A00827,P0279,2025-11-28,87,1,4.3,6,0,home,,no_answer,0
A01351,P0464,2025-11-28,42,0,12.3,5,0,nursing_facility,0.95,fine,0
A01729,P0601,2025-11-28,67,1,4.9,4,2,nursing_facility,1.36,fine,0
A00699,P0237,2025-11-28,50,0,8.4,4,1,nursing_facility,0.97,no_answer,0
A00302,P0102,2025-11-28,67,3,6.0,6,2,home,,fine,0
A02425,P0835,2025-11-28,43,1,1.0,5,1,home,,no_answer,0
A02461,P0848,2025-11-28,79,2,9.0,6,1,home_care,1.36,no_answer,0
A01220,P0416,2025-11-29,87,1,13.8,5,0,home,0.62,fine,0
A00056,P0018,2025-11-29,27,3,6.5,6,2,home,1.83,fine,0
A02218,P0764,2025-11-29,44,2,6.1,4,2,home,,fine,0
A02298,P0790,2025-11-29,43,6,8.9,12,3,home,1.96,fine,0
A02248,P0774,2025-11-29,25,4,3.1,9,3,home,1.28,fine,0
A00919,P0314,2025-11-29,65,0,1.3,4,0,home,0.5,no_answer,0
A01058,P0364,2025-11-29,75,2,10.0,8,2,nursing_facility,1.12,no_answer,0
A01256,P0429,2025-11-29,79,1,2.2,1,0,home,0.81,fine,0
A02384,P0823,2025-11-29,67,1,4.5,11,1,home,1.3,fine,0
A00384,P0130,2025-11-30,45,1,2.2,13,1,home_care,1.07,fine,0
A00361,P0122,2025-11-30,52,3,1.1,3,1,home_care,1.56,fine,0
A00813,P0274,2025-11-30,30,4,6.3,6,1,nursing_facility,1.47,fine,0
A01077,P0369,2025-11-30,88,3,2.1,6,0,home,1.43,fine,0
A00320,P0108,2025-11-30,64,2,4.4,6,2,home_care,,readmitted,0
A00508,P0168,2025-11-30,47,4,12.5,12,4,home_care,1.43,readmitted,1
A00599,P0201,2025-11-30,92,0,10.2,5,1,home,,no_answer,1
A02473,P0852,2025-12-01,76,0,1.0,10,1,home,0.57,no_answer,0
A00733,P0247,2025-12-01,57,4,1.4,10,3,home,1.46,no_answer,0
A01216,P0414,2025-12-01,54,3,3.9,11,2,nursing_facility,,fine,0
A01650,P0570,2025-12-02,80,0,6.8,7,1,nursing_facility,,fine,0
A01104,P0376,2025-12-02,37,3,4.8,13,0,home,1.92,fine,0
A01752,P0608,2025-12-02,42,5,7.2,13,3,home_care,,fine,0
A01107,P0376,2025-12-02,37,3,3.8,7,3,home,1.52,no_answer,1
A02532,P0870,2025-12-02,66,0,5.2,3,1,home,0.73,no_answer,0
A00286,P0096,2025-12-02,73,2,11.8,2,1,home,1.54,fine,0
A01334,P0457,2025-12-02,81,3,1.8,6,3,home_care,1.52,no_answer,0
A02479,P0854,2025-12-02,54,3,5.1,9,3,nursing_facility,1.71,fine,0
A01144,P0390,2025-12-02,26,4,5.8,10,2,home,1.97,no_answer,0
A01763,P0610,2025-12-02,33,2,4.9,5,1,home,1.47,no_answer,0
A00419,P0142,2025-12-03,19,3,1.5,8,5,home,,fine,0
A01284,P0438,2025-12-03,81,2,3.3,5,2,home,0.75,fine,0
A01607,P0557,2025-12-03,77,1,9.0,7,1,nursing_facility,1.47,no_answer,0
A01318,P0451,2025-12-03,25,2,6.3,5,1,home,1.28,fine,0
A01235,P0422,2025-12-03,82,2,3.1,6,1,home,0.7,fine,0
A00278,P0094,2025-12-03,36,2,13.2,7,1,nursing_facility,1.17,fine,0
A01851,P0642,2025-12-03,27,3,4.5,7,0,home,,no_answer,0
A00826,P0279,2025-12-03,87,1,3.0,5,0,home,1.29,no_answer,0
A02250,P0775,2025-12-03,76,5,7.0,6,2,nursing_facility,1.7,fine,0
A01369,P0472,2025-12-03,55,1,6.1,7,0,home,,no_answer,0
A02178,P0751,2025-12-04,92,2,7.4,5,0,home,1.5,readmitted,0
A02364,P0815,2025-12-04,79,1,2.1,6,2,home,0.71,no_answer,0
A00219,P0075,2025-12-04,18,1,1.2,6,1,nursing_facility,,fine,0
A02240,P0770,2025-12-04,88,3,2.6,6,1,home,1.46,no_answer,0
A00889,P0302,2025-12-04,78,3,2.4,8,2,home,1.44,fine,0
A01896,P0657,2025-12-04,26,3,2.4,12,4,home,,fine,1
A01527,P0531,2025-12-04,24,3,6.6,10,3,home,1.35,fine,0
A00546,P0182,2025-12-04,92,1,3.2,10,2,home_care,1.29,fine,0
A01326,P0454,2025-12-05,21,1,9.0,6,2,home,,fine,0
A00837,P0283,2025-12-05,62,1,5.3,9,2,home,,fine,0
A00915,P0312,2025-12-05,40,3,2.6,5,2,home,1.6,fine,0
A00610,P0205,2025-12-05,50,1,2.7,4,0,home,1.08,fine,0
A01737,P0602,2025-12-05,33,1,5.3,9,1,home_care,,fine,0
A00866,P0294,2025-12-05,37,1,4.1,6,0,home,,fine,0
A00031,P0011,2025-12-05,85,4,1.4,17,1,home_care,1.29,no_answer,0
A01160,P0396,2025-12-05,61,1,8.8,2,0,home,1.06,no_answer,0
A00728,P0245,2025-12-05,79,3,5.7,8,1,home,1.41,no_answer,0
A00083,P0026,2025-12-05,94,3,6.8,10,2,home,0.99,fine,0
A00796,P0268,2025-12-06,24,1,2.5,6,0,home,1.23,no_answer,0
A00281,P0095,2025-12-06,59,1,20.7,6,1,home,0.78,readmitted,1
A00740,P0249,2025-12-06,73,3,5.1,10,5,home,,fine,0
A00275,P0092,2025-12-06,54,1,5.4,9,0,home,1.65,no_answer,0
A00315,P0106,2025-12-06,68,1,5.7,7,1,home,,fine,0
A01547,P0536,2025-12-06,82,2,2.3,9,1,home_care,,readmitted,1
A01854,P0644,2025-12-06,44,2,5.4,5,0,home_care,1.41,readmitted,0
A00358,P0121,2025-12-07,64,2,10.1,6,2,home,,fine,0
A00727,P0244,2025-12-07,55,1,3.1,3,0,home,1.71,fine,0
A00089,P0029,2025-12-07,56,5,2.5,10,0,home,,readmitted,1
A00697,P0236,2025-12-07,83,2,3.5,6,1,home,1.66,fine,0
A00885,P0302,2025-12-08,78,3,5.2,6,2,home,1.86,readmitted,1
A00542,P0181,2025-12-08,20,1,2.5,8,0,nursing_facility,,fine,0
A01799,P0623,2025-12-08,47,0,1.5,2,0,nursing_facility,,no_answer,0
A02028,P0705,2025-12-08,20,2,6.7,6,3,home_care,,fine,0
A01391,P0479,2025-12-08,90,1,12.0,5,3,nursing_facility,,fine,0
A02149,P0741,2025-12-08,28,0,11.0,4,1,home,,readmitted,1
A01460,P0506,2025-12-08,72,2,12.8,8,3,home_care,1.48,fine,0
A01007,P0345,2025-12-09,66,2,4.8,6,1,home,1.04,fine,0
A01308,P0448,2025-12-09,38,2,15.5,6,0,home,1.09,no_answer,0
A01348,P0462,2025-12-09,24,1,1.5,7,3,home,0.76,fine,0
A02318,P0798,2025-12-09,82,0,9.9,6,0,home_care,1.31,fine,0
A02496,P0859,2025-12-09,58,0,3.4,3,2,home,1.36,no_answer,0
A02475,P0852,2025-12-09,76,0,5.0,1,1,home,0.95,fine,0
A02493,P0858,2025-12-10,59,1,11.5,7,0,home,1.43,fine,0
A00916,P0312,2025-12-10,40,3,3.9,5,0,home,1.68,readmitted,1
A00678,P0228,2025-12-10,41,2,5.3,6,1,nursing_facility,,fine,0
A00751,P0253,2025-12-10,33,2,6.8,5,2,home,,fine,0
A02029,P0705,2025-12-10,20,2,3.7,6,2,home,,fine,0
A00925,P0316,2025-12-10,74,1,1.6,10,4,home,0.81,fine,0
A02157,P0743,2025-12-10,26,2,6.8,9,0,home,,no_answer,0
A00033,P0011,2025-12-11,85,4,4.4,10,1,nursing_facility,1.85,fine,0
A00551,P0183,2025-12-11,85,1,5.3,10,0,home,,fine,0
A01881,P0652,2025-12-11,51,2,2.1,7,3,home,1.28,fine,0
A01400,P0483,2025-12-11,37,4,2.5,12,4,home,1.79,fine,0
A02055,P0712,2025-12-11,61,1,7.1,7,0,home,0.94,fine,0
A01360,P0467,2025-12-11,86,3,4.7,12,3,home,1.59,readmitted,1
A00296,P0099,2025-12-11,85,1,1.2,5,1,home,,fine,0
A00904,P0308,2025-12-11,28,4,2.2,6,2,home,1.43,readmitted,1
A00683,P0230,2025-12-11,62,1,7.8,2,1,home_care,1.4,fine,0
A02155,P0742,2025-12-11,44,2,8.6,4,3,home_care,1.16,no_answer,0
A02259,P0777,2025-12-12,81,1,1.2,7,1,home,1.05,fine,0
A02266,P0779,2025-12-12,76,0,4.1,2,0,home_care,,no_answer,0
A00964,P0330,2025-12-12,87,3,6.0,14,2,nursing_facility,1.59,no_answer,0
A00341,P0115,2025-12-12,47,2,8.6,7,0,home,1.06,fine,0
A02062,P0714,2025-12-12,64,1,1.3,8,0,home,1.45,readmitted,1
A01087,P0372,2025-12-12,31,1,1.9,6,0,home,1.1,fine,0
A00285,P0095,2025-12-12,59,1,5.1,7,0,home,,readmitted,1
A01062,P0365,2025-12-12,85,2,1.0,7,1,home_care,1.31,no_answer,0
A00407,P0138,2025-12-13,91,0,7.8,6,0,home_care,,fine,0
A00182,P0059,2025-12-13,57,1,5.1,2,0,home,1.78,no_answer,0
A00181,P0058,2025-12-13,51,1,3.5,8,0,home,1.49,readmitted,1
A00941,P0321,2025-12-13,34,1,6.9,10,0,home,,no_answer,0
A00556,P0184,2025-12-14,61,3,1.6,7,2,home_care,,fine,0
A02198,P0758,2025-12-14,60,2,7.8,6,1,home,1.52,fine,0
A01831,P0634,2025-12-14,45,1,2.5,4,1,home_care,,no_answer,0
A00080,P0025,2025-12-14,37,0,13.7,1,1,home,0.86,fine,0
A01677,P0580,2025-12-14,61,2,7.9,5,1,home,1.23,fine,0
A00682,P0229,2025-12-14,18,1,1.6,13,2,home,,readmitted,0
A00063,P0021,2025-12-14,41,2,6.7,5,4,home,1.26,fine,0
A02015,P0701,2025-12-14,35,1,2.6,3,2,home,,fine,0
A01716,P0595,2025-12-14,82,1,7.0,6,1,home,1.09,no_answer,0
A01988,P0691,2025-12-14,94,0,8.0,2,0,nursing_facility,,readmitted,0
A00139,P0045,2025-12-14,65,1,2.5,7,2,home,1.16,readmitted,0
A01025,P0353,2025-12-15,76,0,15.3,6,0,home,1.32,fine,0
A01844,P0640,2025-12-16,89,0,2.6,4,0,home,0.84,fine,0
A01538,P0534,2025-12-16,74,1,2.7,7,1,home_care,1.15,fine,0
A00613,P0206,2025-12-16,24,2,7.6,5,0,nursing_facility,0.54,fine,0
A00111,P0035,2025-12-16,79,1,3.1,6,0,home,1.42,fine,0
A01242,P0425,2025-12-16,26,0,2.1,1,2,home,1.27,fine,0
A00476,P0157,2025-12-16,61,1,3.0,10,2,home,1.14,fine,0
A02535,P0872,2025-12-16,88,2,7.6,6,0,home_care,1.03,readmitted,1
A00022,P0009,2025-12-16,41,1,4.4,8,1,nursing_facility,1.13,fine,0
A02121,P0731,2025-12-16,59,6,2.6,13,4,home,1.79,readmitted,1
A01980,P0688,2025-12-16,74,1,6.5,5,2,home,,fine,0
A00532,P0176,2025-12-16,93,2,7.3,6,1,home_care,1.8,fine,0
A00820,P0277,2025-12-17,58,4,5.7,7,4,home_care,1.54,fine,0
A01248,P0428,2025-12-17,27,2,6.5,4,3,home,1.19,fine,0
A02573,P0884,2025-12-17,18,2,3.6,4,4,home_care,1.41,no_answer,0
A01272,P0435,2025-12-17,79,2,3.4,7,1,home_care,1.66,no_answer,0
A01711,P0592,2025-12-17,66,1,1.8,3,3,home,0.87,readmitted,1
A01937,P0673,2025-12-17,77,0,1.0,3,0,home,0.73,fine,0
A00162,P0051,2025-12-17,57,0,4.5,4,1,home,1.31,fine,0
A00276,P0093,2025-12-17,25,3,3.0,11,2,home,1.28,fine,0
A01358,P0466,2025-12-17,53,4,5.2,7,2,home,,no_answer,0
A02329,P0804,2025-12-17,63,1,3.3,3,2,home,,fine,0
A01901,P0659,2025-12-17,31,5,5.2,6,3,home,1.88,fine,0
A01178,P0402,2025-12-18,51,3,2.8,8,1,home,,no_answer,0
A01691,P0586,2025-12-18,52,2,3.5,5,2,home,1.53,no_answer,0
A01430,P0494,2025-12-18,32,2,2.3,9,3,home,0.99,fine,0
A01571,P0545,2025-12-18,51,4,2.2,7,0,home,1.65,fine,0
A02603,P0893,2025-12-18,75,1,4.6,10,0,home,,fine,0
A02086,P0721,2025-12-18,38,0,12.1,5,0,nursing_facility,0.88,no_answer,1
A01315,P0450,2025-12-18,79,1,5.8,6,1,home,1.14,fine,0
A01827,P0632,2025-12-18,37,0,2.3,8,1,home_care,,no_answer,0
A01865,P0646,2025-12-18,88,3,1.7,8,2,home,,no_answer,0
A00399,P0134,2025-12-19,81,2,1.0,11,1,home,1.38,no_answer,0
A02618,P0898,2025-12-19,50,2,2.9,5,0,home,1.11,fine,0
A01529,P0531,2025-12-19,24,3,3.8,8,2,home,0.96,no_answer,0
A00823,P0278,2025-12-19,87,0,11.1,12,0,home_care,,fine,0
A00490,P0162,2025-12-19,75,1,1.0,14,1,home_care,,fine,0
A02285,P0784,2025-12-20,71,2,2.7,2,0,home,1.38,no_answer,0
A00325,P0110,2025-12-20,35,2,16.9,3,2,home_care,,no_answer,0
A00173,P0055,2025-12-20,88,2,8.6,9,2,home_care,,readmitted,1
A00326,P0110,2025-12-20,35,2,3.2,6,1,home_care,1.46,fine,0
A01590,P0550,2025-12-20,41,1,1.0,8,1,nursing_facility,,fine,0
A02379,P0822,2025-12-20,79,1,7.1,8,2,home,,fine,0
A00436,P0146,2025-12-20,25,1,1.8,11,3,home,1.15,fine,0
A00958,P0327,2025-12-20,26,3,6.4,7,2,home,1.71,fine,0
A01057,P0363,2025-12-20,79,4,2.9,7,1,home,,fine,0
A02143,P0738,2025-12-20,47,2,5.8,6,0,home,0.97,fine,0
A02394,P0825,2025-12-21,91,3,7.6,11,4,home_care,1.39,readmitted,1
A01149,P0392,2025-12-21,24,3,6.5,5,2,home_care,1.79,fine,0
A01146,P0391,2025-12-21,70,1,14.0,4,1,home_care,1.85,no_answer,0
A01187,P0405,2025-12-21,65,2,6.2,6,3,nursing_facility,0.89,no_answer,0
A01325,P0453,2025-12-21,68,1,4.3,7,0,home,,no_answer,0
A01916,P0663,2025-12-21,52,3,13.7,6,4,home,1.13,no_answer,0
A01965,P0682,2025-12-21,48,1,1.1,11,1,nursing_facility,,no_answer,0
A00635,P0213,2025-12-21,63,2,1.8,9,1,home_care,1.54,no_answer,0
A00702,P0237,2025-12-21,50,0,1.0,5,1,home,0.88,no_answer,0
A00787,P0264,2025-12-22,93,2,1.3,12,2,home,1.28,no_answer,0
A00795,P0268,2025-12-22,24,1,2.2,6,1,home,1.5,fine,0
A02599,P0892,2025-12-22,82,4,5.0,7,4,home_care,,readmitted,1
A02492,P0858,2025-12-22,59,1,10.8,5,1,home_care,1.2,fine,0
A01861,P0645,2025-12-22,72,4,2.3,7,2,home_care,1.99,fine,0
A00877,P0299,2025-12-22,91,2,1.0,12,1,home_care,0.84,fine,0
A00922,P0316,2025-12-22,74,1,6.3,5,1,nursing_facility,0.99,fine,0
A01147,P0391,2025-12-23,70,1,2.2,9,3,home,0.81,fine,0
A02509,P0863,2025-12-23,24,1,7.8,7,2,home,1.01,no_answer,0
A00694,P0235,2025-12-23,28,3,8.8,11,2,home,,no_answer,1
A01239,P0424,2025-12-23,29,2,1.9,9,1,home,,fine,0
A00233,P0079,2025-12-23,29,2,6.4,9,0,nursing_facility,0.98,fine,0
A02571,P0883,2025-12-23,35,2,2.0,5,2,home_care,1.58,fine,0
A01675,P0580,2025-12-24,61,2,3.7,6,0,home,1.68,no_answer,0
A01976,P0685,2025-12-24,73,4,4.7,5,0,nursing_facility,,no_answer,0
A01059,P0364,2025-12-24,75,2,2.3,7,0,home_care,1.11,no_answer,0
A01056,P0363,2025-12-24,79,4,3.3,13,0,home,1.87,fine,0
A01645,P0569,2025-12-24,76,0,3.4,6,1,home,1.0,no_answer,0
A00193,P0065,2025-12-24,18,3,5.1,11,2,nursing_facility,1.47,no_answer,0
A00648,P0218,2025-12-24,87,3,1.4,11,1,home,1.42,fine,0
A02184,P0752,2025-12-24,81,1,1.0,1,2,home,,fine,0
A01293,P0441,2025-12-24,85,1,6.6,5,1,home_care,,no_answer,0
A01030,P0354,2025-12-24,71,2,1.5,6,1,home,,readmitted,1
A01490,P0517,2025-12-24,62,2,1.0,11,1,home,1.17,fine,0
A00421,P0142,2025-12-25,19,3,4.0,8,0,home,,no_answer,0
A01616,P0561,2025-12-25,69,2,11.2,5,2,home_care,1.46,fine,0
A01316,P0450,2025-12-25,79,1,10.6,4,1,home,1.48,readmitted,1
A00448,P0150,2025-12-25,83,2,4.6,13,1,home,,fine,0
A00829,P0279,2025-12-25,87,1,2.6,9,1,home,,no_answer,0
A02109,P0728,2025-12-26,72,1,8.8,5,1,home_care,0.67,no_answer,0
A02540,P0873,2025-12-26,52,2,3.2,7,0,home,1.0,no_answer,0
A00661,P0222,2025-12-26,78,3,3.6,9,3,home,1.08,fine,0
A02482,P0854,2025-12-26,54,3,4.4,6,2,home,1.78,no_answer,0
A00645,P0216,2025-12-26,84,2,8.5,7,2,nursing_facility,1.15,no_answer,0
A00148,P0047,2025-12-26,21,3,1.0,4,4,home,1.16,fine,0
A01693,P0587,2025-12-26,67,0,2.5,2,0,home,1.08,fine,0
A02307,P0794,2025-12-26,78,1,3.5,11,0,home,,readmitted,1
A00680,P0229,2025-12-26,18,1,3.7,4,0,home_care,,no_answer,0
A00742,P0251,2025-12-26,35,3,3.4,6,3,nursing_facility,1.58,fine,0
A00571,P0189,2025-12-27,42,5,6.4,13,4,home,2.01,readmitted,1
A00090,P0030,2025-12-27,62,1,1.0,7,1,home_care,1.33,fine,0
A00754,P0254,2025-12-27,88,0,5.8,4,0,nursing_facility,1.18,fine,0
A00480,P0158,2025-12-27,39,0,2.0,4,2,home,,fine,0
A01703,P0590,2025-12-27,49,3,2.1,8,2,nursing_facility,1.79,no_answer,0
A00906,P0309,2025-12-27,66,2,2.0,8,1,nursing_facility,0.77,fine,0
A00342,P0115,2025-12-27,47,2,2.5,5,1,home,,fine,0
A00591,P0196,2025-12-28,79,5,3.3,8,7,home,1.38,no_answer,0
A02454,P0846,2025-12-28,74,1,19.8,12,2,home,1.18,readmitted,1
A00052,P0017,2025-12-28,79,2,4.7,9,0,home,1.45,no_answer,0
A00790,P0266,2025-12-28,28,1,3.2,7,3,home_care,,fine,0
A01270,P0434,2025-12-28,51,1,1.4,6,1,nursing_facility,1.58,no_answer,0
A02610,P0896,2025-12-28,26,3,3.6,8,2,nursing_facility,1.38,no_answer,0
A00604,P0202,2025-12-28,26,2,4.1,6,3,home,,fine,0
A01116,P0380,2025-12-28,91,2,6.0,7,4,nursing_facility,1.38,no_answer,0
A02411,P0831,2025-12-28,71,2,6.0,4,5,home_care,1.15,fine,1
A01928,P0668,2025-12-28,52,1,5.5,5,2,home,,fine,0
A01137,P0389,2025-12-29,30,3,3.9,11,2,home,1.91,no_answer,0
A01285,P0438,2025-12-29,81,2,1.6,5,0,home,1.23,no_answer,0
A02027,P0704,2025-12-29,50,0,7.3,3,1,home,0.96,readmitted,1
A01962,P0682,2025-12-29,48,1,4.8,6,0,home,,fine,0
A02424,P0835,2025-12-29,43,1,2.6,3,1,nursing_facility,1.64,fine,0
A00198,P0068,2025-12-29,92,2,1.1,9,0,home_care,0.96,fine,0
A02204,P0760,2025-12-29,79,0,13.1,4,0,home_care,,fine,0
A01401,P0484,2025-12-30,85,1,1.0,6,2,home,1.04,fine,0
A01141,P0390,2025-12-30,26,4,8.3,11,1,home,1.27,fine,0
A01070,P0367,2025-12-30,58,3,6.0,6,3,home,1.0,no_answer,0
A02521,P0866,2025-12-30,48,0,8.4,4,0,home,0.87,fine,0
A01903,P0659,2025-12-30,31,5,12.3,17,0,home,,no_answer,0
A02264,P0778,2025-12-30,94,0,1.0,12,1,nursing_facility,1.36,no_answer,0
A01637,P0567,2025-12-31,57,0,1.5,4,0,home,1.31,no_answer,0
A01033,P0355,2025-12-31,80,0,6.2,5,0,home,1.29,fine,0
A02527,P0868,2025-12-31,20,3,6.4,5,2,home,,fine,0
